hospital_name,state,total_performance_score,national_average
COAST PLAZA HOSPITAL,CA,0.0,30.884651504865353
COVENANT HEALTH HOBBS HOSPITAL,NM,0.0,30.884651504865353
EAST LOS ANGELES DOCTORS HOSPITAL,CA,4.0,30.884651504865353
HUMBOLDT PARK HEALTH,IL,4.25,30.884651504865353
CROZER CHESTER MEDICAL CENTER,PA,4.5,30.884651504865353
CARLE HEALTH PROCTOR HOSPITAL,IL,5.416666666667,30.884651504865353
BANNER BAYWOOD MEDICAL CENTER,AZ,6.25,30.884651504865353
AFFILIATE OF VITRUVIAN HEALTH,TN,6.583333333333,30.884651504865353
VOLUNTEER COMMUNITY HOSPITAL,TN,6.666666666667,30.884651504865353
VICTOR VALLEY GLOBAL MEDICAL CENTER,CA,7.0,30.884651504865353
UVA HEALTH CULPEPER MEDICAL CENTER,VA,7.0,30.884651504865353
HENDRICK MEDICAL CENTER BROWNWOOD,TX,7.333333333333,30.884651504865353
THE HOSPITALS OF PROVIDENCE - EAST CAMPUS,TX,7.416666666667,30.884651504865353
ALBANY MEDICAL CENTER HOSPITAL,NY,7.5,30.884651504865353
PROMEDICA MONROE REGIONAL HOSPITAL,MI,7.666666666667,30.884651504865353
MIDLAND MEMORIAL HOSPITAL,TX,8.166666666667,30.884651504865353
ABRAZO WEST CAMPUS,AZ,8.25,30.884651504865353
CHI ST JOSEPH HEALTH REGIONAL HOSPITAL,TX,8.583333333333,30.884651504865353
UNIVERSITY OF LOUISVILLE HOSPITAL,KY,8.666666666667,30.884651504865353
BANNER DESERT MEDICAL CENTER,AZ,9.0,30.884651504865353
MERCYONE DES MOINES MEDICAL CENTER,IA,9.083333333333,30.884651504865353
KINGS COUNTY HOSPITAL CENTER,NY,9.25,30.884651504865353
JOHNSON CITY MEDICAL CENTER,TN,9.416666666667,30.884651504865353
MOUNT CARMEL EAST & WEST,OH,9.583333333333,30.884651504865353
GENESIS HLTH SYSTEM DBA GENESIS MDL CTR-ILLINI,IL,9.625,30.884651504865353
SOUTHWESTERN MEDICAL CENTER,OK,9.833333333333,30.884651504865353
HALIFAX HEALTH /UF HEALTH MEDICAL CENTER OF DELTON,FL,10.0,30.884651504865353
STONEWALL JACKSON MEMORIAL HOSPITAL,WV,10.25,30.884651504865353
HUNTINGTON BEACH HOSPITAL,CA,10.666666666667,30.884651504865353
ADENA REGIONAL MEDICAL CENTER,OH,10.833333333333,30.884651504865353
THE MEDICAL CENTER (BOWLING GREEN),KY,10.916666666667,30.884651504865353
MOUNT CARMEL ST ANN'S,OH,11.0,30.884651504865353
HEYWOOD HOSPITAL -,MA,11.125,30.884651504865353
WILSON N JONES REGIONAL MEDICAL CENTER,TX,11.125,30.884651504865353
JENNIE STUART MEDICAL CENTER,KY,11.25,30.884651504865353
"WEIRTON MEDICAL CENTER, INC",WV,11.291666666667,30.884651504865353
SSM ST JOSEPH HOSPITAL WEST,MO,11.333333333333,30.884651504865353
ALTRU HOSPITAL,ND,11.333333333333,30.884651504865353
WELLMONT HOLSTON VALLEY MEDICAL CENTER,TN,11.333333333333,30.884651504865353
YUMA REGIONAL MEDICAL CENTER,AZ,11.416666666667,30.884651504865353
SOUTHERN REGIONAL MEDICAL CENTER,GA,11.5,30.884651504865353
SWEETWATER HOSPITAL ASSOCIATION,TN,11.583333333333,30.884651504865353
BEAUMONT HOSPITAL - TAYLOR,MI,11.625,30.884651504865353
ORANGE COUNTY GLOBAL MEDICAL CENTER,CA,11.666666666667,30.884651504865353
MEMORIAL HOSPITAL OF CARBONDALE,IL,11.666666666667,30.884651504865353
BRIGHAM CITY COMMUNITY HOSPITAL,UT,11.666666666667,30.884651504865353
"WELLSTAR MCG HEALTH, AFFILIATED WITH MED COL",GA,11.916666666667,30.884651504865353
BOCA RATON REGIONAL HOSPITAL,FL,12.0,30.884651504865353
HILTON HEAD REGIONAL MEDICAL CENTER,SC,12.041666666667,30.884651504865353
CAPITAL HEALTH REGIONAL MEDICAL CENTER,NJ,12.166666666667,30.884651504865353
CAPITAL HEALTH MEDICAL CENTER - HOPEWELL,NJ,12.333333333333,30.884651504865353
MONTEFIORE MOUNT VERNON HOSPITAL,NY,12.333333333333,30.884651504865353
ARCHBOLD MEMORIAL HOSPITAL,GA,12.416666666667,30.884651504865353
TRINITY HEALTH OAKLAND HOSPITAL,MI,12.416666666667,30.884651504865353
PIEDMONT AUGUSTA HOSPITAL,GA,12.5,30.884651504865353
CHAN SOON- SHIONG MEDICAL CENTER AT WINDBER,PA,12.5,30.884651504865353
ST MARY'S MEDICAL CENTER,FL,12.583333333333,30.884651504865353
BAYSTATE MEDICAL CENTER,MA,12.75,30.884651504865353
PARIS REGIONAL MEDICAL CENTER,TX,12.75,30.884651504865353
DOCTORS MEDICAL CENTER,CA,12.833333333333,30.884651504865353
LOUIS A WEISS MEMORIAL HOSPITAL,IL,12.875,30.884651504865353
CASTLEVIEW HOSPITAL,UT,12.875,30.884651504865353
EMANATE HEALTH INTER-COMMUNITY HOSPITAL,CA,12.916666666667,30.884651504865353
MERCY CATHOLIC MEDICAL CENTER- MERCY FITZGERALD,PA,13.0,30.884651504865353
ST JOSEPH'S MEDICAL CENTER,NY,13.125,30.884651504865353
HERRIN HOSPITAL,IL,13.25,30.884651504865353
WILLIS KNIGHTON MEDICAL CENTER,LA,13.25,30.884651504865353
HUNT REGIONAL MEDICAL CENTER,TX,13.25,30.884651504865353
NAVARRO REGIONAL HOSPITAL,TX,13.25,30.884651504865353
MONROE COUNTY HOSPITAL,AL,13.333333333333,30.884651504865353
SINAI-GRACE HOSPITAL,MI,13.333333333333,30.884651504865353
MH ST JOSEPH WARREN HOSPITAL,OH,13.333333333333,30.884651504865353
HCA FLORIDA GULF COAST HOSPITAL,FL,13.416666666667,30.884651504865353
PRINCETON COMMUNITY HOSPITAL ASSN INC,WV,13.416666666667,30.884651504865353
PALOMAR MEDICAL CENTER POWAY,CA,13.5,30.884651504865353
SAINT ALPHONSUS REGIONAL MEDICAL CENTER,ID,13.583333333333,30.884651504865353
UNIVERSITY MEDICAL CENTER OF EL PASO,TX,13.583333333333,30.884651504865353
TAMPA GENERAL HOSPITAL BROOKSVILLE,FL,13.75,30.884651504865353
SALINA REGIONAL HEALTH CENTER,KS,13.833333333333,30.884651504865353
WELLMONT BRISTOL REGIONAL MEDICAL CENTER,TN,13.833333333333,30.884651504865353
TUCSON MEDICAL CENTER,AZ,13.916666666667,30.884651504865353
TRI-CITY MEDICAL CENTER,CA,13.916666666667,30.884651504865353
HCA FLORIDA LARGO HOSPITAL,FL,13.916666666667,30.884651504865353
SWEDISH HOSPITAL,IL,13.916666666667,30.884651504865353
VIRTUA MOUNT HOLLY HOSPITAL,NJ,13.916666666667,30.884651504865353
ST JOHNS HOSPITAL,IL,14.0,30.884651504865353
RESEARCH MEDICAL CENTER,MO,14.0,30.884651504865353
CENTENNIAL HILLS HOSPITAL MEDICAL CENTER,NV,14.0,30.884651504865353
INDIANA REGIONAL MEDICAL CENTER,PA,14.0,30.884651504865353
NAZARETH HOSPITAL,PA,14.0,30.884651504865353
NORTHWEST HEALTH - PORTER,IN,14.083333333333,30.884651504865353
SSM HEALTH SAINT LOUIS UNIVERSITY HOSPITAL,MO,14.083333333333,30.884651504865353
GEISINGER-COMMUNITY MEDICAL CENTER,PA,14.166666666667,30.884651504865353
MEDICAL CITY ARLINGTON,TX,14.166666666667,30.884651504865353
BARNES-JEWISH ST PETERS HOSPITAL,MO,14.25,30.884651504865353
NORTHERN LOUISIANA MEDICAL CENTER,LA,14.291666666667,30.884651504865353
NORTH OAKS MEDICAL CENTER,LA,14.416666666667,30.884651504865353
MERIT HEALTH NATCHEZ,MS,14.416666666667,30.884651504865353
MONTEFIORE NEW ROCHELLE HOSPITAL,NY,14.5,30.884651504865353
RIVERS HEALTH,WV,14.5,30.884651504865353
PROVIDENCE SANTA ROSA MEMORIAL HOSPITAL,CA,14.583333333333,30.884651504865353
BETHESDA HOSPITAL EAST,FL,14.583333333333,30.884651504865353
MT SINAI HOSPITAL MEDICAL CENTER,IL,14.583333333333,30.884651504865353
INDIANA UNIVERSITY HEALTH,IN,14.583333333333,30.884651504865353
O U MEDICAL CENTER,OK,14.583333333333,30.884651504865353
"BAYHEALTH MEDICAL CENTER, KENT CAMPUS",DE,14.666666666667,30.884651504865353
SOUTHEAST GEORGIA HEALTH SYSTEM- BRUNSWICK CAMPUS,GA,14.666666666667,30.884651504865353
SAINT CLARE'S HOSPITAL/ DENVILLE CAMPUS,NJ,14.666666666667,30.884651504865353
THE UNIVERSITY HOSPITAL,NJ,14.666666666667,30.884651504865353
INDIANA UNIVERSITY HEALTH BLOOMINGTON HOSPITAL,IN,14.75,30.884651504865353
NORTHEAST REGIONAL MEDICAL CENTER,MO,14.75,30.884651504865353
TENNOVA HEALTHCARE-CLARKSVILLE,TN,14.75,30.884651504865353
MEDICAL CITY DALLAS HOSPITAL,TX,14.75,30.884651504865353
SOVAH HEALTH DANVILLE,VA,14.75,30.884651504865353
WELLSTAR NORTH FULTON MEDICAL CENTER,GA,14.791666666667,30.884651504865353
SAVANNAH HEALTH SERVICES LLC DBA MEMORIAL HEALTH UNIVERSITY MEDICAL CENTER,GA,14.833333333333,30.884651504865353
DETROIT RECEIVING HOSPITAL,MI,14.958333333333,30.884651504865353
"COLISEUM MEDICAL CENTERS, LLC, DBA",GA,15.0,30.884651504865353
MARION GENERAL HOSPITAL,MS,15.0,30.884651504865353
ECU HEALTH MEDICAL CENTER,NC,15.0,30.884651504865353
MERCY REGIONAL MEDICAL CENTER,OH,15.0,30.884651504865353
CHARLESTON AREA MEDICAL CENTER,WV,15.083333333333,30.884651504865353
"NORTHEAST GEORGIA MEDICAL CENTER, INC",GA,15.166666666667,30.884651504865353
ST. MARY'S HOSPITAL,AZ,15.25,30.884651504865353
CLOVIS COMMUNITY MEDICAL CENTER,CA,15.25,30.884651504865353
PALM BAY HOSPITAL,FL,15.25,30.884651504865353
HIGHLANDS ARH REGIONAL MEDICAL CENTER,KY,15.25,30.884651504865353
VIRTUA OUR LADY OF LOURDES HOSPITAL,NJ,15.25,30.884651504865353
BANNER WYOMING MEDICAL CENTER,WY,15.25,30.884651504865353
KENT COUNTY MEMORIAL HOSPITAL,RI,15.333333333333,30.884651504865353
NORTHEASTERN HEALTH SYSTEM,OK,15.375,30.884651504865353
MERCY HOSPITAL SOUTH,MO,15.416666666667,30.884651504865353
ABRAZO SCOTTSDALE CAMPUS,AZ,15.458333333333,30.884651504865353
COMMUNITY HOSPITAL NORTH,IN,15.5,30.884651504865353
OWENSBORO HEALTH REGIONAL HOSPITAL,KY,15.5,30.884651504865353
"NORTON HOSPITALS, INC",KY,15.5,30.884651504865353
WELLINGTON REGIONAL MEDICAL CENTER,FL,15.583333333333,30.884651504865353
WESLEY MEDICAL CENTER,KS,15.583333333333,30.884651504865353
HONOR HEALTH JOHN C. LINCOLN MEDICAL CENTER,AZ,15.666666666667,30.884651504865353
BAPTIST MEMORIAL HOSPITAL DESOTO,MS,15.666666666667,30.884651504865353
TEMPLE HEALTH - CHESTNUT HILL HOSPITAL,PA,15.666666666667,30.884651504865353
DE TAR HOSPITAL NAVARRO,TX,15.666666666667,30.884651504865353
UCI HEALTH - LOS ALAMITOS,CA,15.708333333333,30.884651504865353
TIDELANDS GEORGETOWN MEMORIAL HOSPITAL,SC,15.708333333333,30.884651504865353
SANTA CLARA VALLEY MEDICAL CENTER,CA,15.75,30.884651504865353
LAWRENCE GENERAL HOSPITAL,MA,15.75,30.884651504865353
NASSAU UNIVERSITY MEDICAL CENTER,NY,15.75,30.884651504865353
SYCAMORE SHOALS HOSPITAL,TN,15.75,30.884651504865353
SOUTH CENTRAL REG MED CTR,MS,15.833333333333,30.884651504865353
COOPERMAN BARNABAS MEDICAL CENTER,NJ,15.833333333333,30.884651504865353
TRINITY ROCK ISLAND,IL,16.0,30.884651504865353
CAREPOINT HEALTH-CHRIST HOSPITAL,NJ,16.0,30.884651504865353
"ROME MEMORIAL HOSPITAL, INC",NY,16.0,30.884651504865353
HARRIS HEALTH,TX,16.0,30.884651504865353
LAKELAND REGIONAL MEDICAL CENTER,FL,16.083333333333,30.884651504865353
ELLIOT HOSPITAL,NH,16.083333333333,30.884651504865353
ST. CATHERINE HOSPITAL - GARDEN CITY,KS,16.125,30.884651504865353
MEDICAL CITY LEWISVILLE,TX,16.125,30.884651504865353
BROOKWOOD BAPTIST MEDICAL CENTER,AL,16.166666666667,30.884651504865353
METHODIST HOSPITALS INC,IN,16.166666666667,30.884651504865353
BANNER DEL E. WEBB MEDICAL CENTER,AZ,16.25,30.884651504865353
MEMORIAL MEDICAL CENTER,IL,16.25,30.884651504865353
ST MARY'S REGIONAL MEDICAL CENTER,OK,16.25,30.884651504865353
ROXBOROUGH MEMORIAL HOSPITAL,PA,16.25,30.884651504865353
WHITE COUNTY MEDICAL CENTER,AR,16.333333333333,30.884651504865353
PROVIDENCE ST MARY MEDICAL CENTER,CA,16.333333333333,30.884651504865353
MEASE COUNTRYSIDE HOSPITAL,FL,16.333333333333,30.884651504865353
ATRIUM HEALTH NAVICENT THE MEDICAL CENTER,GA,16.333333333333,30.884651504865353
Memorial Hospital Biloxi,MS,16.333333333333,30.884651504865353
SOUTH FLORIDA BAPTIST HOSPITAL,FL,16.375,30.884651504865353
TRISTAR SKYLINE MEDICAL CENTER,TN,16.375,30.884651504865353
JEFFERSON REGIONAL MEDICAL CENTER,AR,16.416666666667,30.884651504865353
VENTURA COUNTY MEDICAL CENTER,CA,16.416666666667,30.884651504865353
EMORY DECATUR HOSPITAL,GA,16.416666666667,30.884651504865353
NORTH MISSISSIPPI MEDICAL CENTER,MS,16.416666666667,30.884651504865353
WYANDOTTE HOSPITAL AND MEDICAL CENTER,MI,16.458333333333,30.884651504865353
LINCOLN MEDICAL & MENTAL HEALTH CENTER,NY,16.5,30.884651504865353
BROOKDALE HOSPITAL MEDICAL CENTER,NY,16.5,30.884651504865353
CARILION MEDICAL CENTER,VA,16.5,30.884651504865353
NOVANT PRINCE WILLIAM MEDICAL CENTER,VA,16.5,30.884651504865353
LEWISGALE MEDICAL CENTER,VA,16.5,30.884651504865353
"CABELL HUNTINGTON HOSPITAL, INC",WV,16.5,30.884651504865353
COMMUNITY REGIONAL MEDICAL CENTER,CA,16.583333333333,30.884651504865353
KERN MEDICAL CENTER,CA,16.583333333333,30.884651504865353
BEAUMONT HOSPITAL - FARMINGTON HILLS,MI,16.583333333333,30.884651504865353
KANSAS MEDICAL CENTER LLC,KS,16.666666666667,30.884651504865353
LECOM MEDICAL CENTER AND BEHAVIORAL HEALTH PAV,PA,16.666666666667,30.884651504865353
CHRISTUS SANTA ROSA MEDICAL CENTER,TX,16.666666666667,30.884651504865353
KAWEAH HEALTH MEDICAL CENTER,CA,16.75,30.884651504865353
UCHICAGO MEDICINE ADVENTHEALTH GLENOAKS,IL,16.75,30.884651504865353
SIGNATURE HEALTHCARE BROCKTON HOSPITAL,MA,16.75,30.884651504865353
BRYAN MEDICAL CENTER,NE,16.75,30.884651504865353
MUSC HEALTH COLUMBIA MEDICAL CENTER DOWNTOWN,SC,16.75,30.884651504865353
MEDICAL CENTER HOSPITAL,TX,16.75,30.884651504865353
SCHNECK MEDICAL CENTER,IN,16.833333333333,30.884651504865353
JACKSON PURCHASE MEDICAL CENTER,KY,16.833333333333,30.884651504865353
SOUTHERN NH MEDICAL CENTER,NH,16.833333333333,30.884651504865353
University of Arkansas Medical Sciences,AR,16.875,30.884651504865353
GARDEN GROVE HOSPITAL & MEDICAL CENTER,CA,16.916666666667,30.884651504865353
ORLANDO HEALTH BAYFRONT HOSPITAL,FL,16.916666666667,30.884651504865353
GENESIS MEDICAL CENTER-DAVENPORT,IA,16.916666666667,30.884651504865353
CAPE FEAR VALLEY MEDICAL CENTER,NC,16.916666666667,30.884651504865353
HILLSBORO MEDICAL CENTER,OR,16.958333333333,30.884651504865353
DESERT REGIONAL MEDICAL CENTER,CA,17.0,30.884651504865353
CHAPMAN GLOBAL MEDICAL CENTER,CA,17.0,30.884651504865353
CAMBRIDGE HEALTH ALLIANCE,MA,17.0,30.884651504865353
PENN STATE HEALTH ST. JOSEPH,PA,17.0,30.884651504865353
COLUMBUS COMMUNITY HOSPITAL,TX,17.0,30.884651504865353
INGALLS MEMORIAL HOSPITAL,IL,17.083333333333,30.884651504865353
BAYSTATE NOBLE HOSPITAL,MA,17.083333333333,30.884651504865353
SAINT ROSE DOMINICAN HOSPITALS - SIENA CAMPUS,NV,17.083333333333,30.884651504865353
COLUMBUS REGIONAL HEALTHCARE SYSTEM,NC,17.125,30.884651504865353
EDWARD W SPARROW HOSPITAL,MI,17.166666666667,30.884651504865353
D W MCMILLAN MEMORIAL HOSPITAL,AL,17.25,30.884651504865353
BANNER BOSWELL MEDICAL CENTER,AZ,17.25,30.884651504865353
MERCY HOSPITAL FORT SMITH,AR,17.25,30.884651504865353
TAYLOR REGIONAL HOSPITAL,KY,17.25,30.884651504865353
SAN JUAN REGIONAL MEDICAL CENTER INC,NM,17.25,30.884651504865353
PENN HIGHLANDS DUBOIS,PA,17.25,30.884651504865353
PORTNEUF MEDICAL CENTER,ID,17.333333333333,30.884651504865353
LOWELL GENERAL HOSPITAL,MA,17.333333333333,30.884651504865353
NORTH KANSAS CITY HOSPITAL,MO,17.333333333333,30.884651504865353
INTEGRIS SOUTHWEST MEDICAL CENTER,OK,17.333333333333,30.884651504865353
HENDRICK MEDICAL CENTER,TX,17.333333333333,30.884651504865353
HCA FLORIDA BAYONET POINT HOSPITAL,FL,17.416666666667,30.884651504865353
HARPER UNIVERSITY HOSPITAL,MI,17.416666666667,30.884651504865353
POTTSTOWN HOSPITAL,PA,17.416666666667,30.884651504865353
WEST TENNESSEE HEALTHCARE HENRY COUNTY HOSPITAL,TN,17.416666666667,30.884651504865353
HARBORVIEW MEDICAL CENTER,WA,17.416666666667,30.884651504865353
REGIONAL ONE HEALTH,TN,17.444444444444,30.884651504865353
WEST SUBURBAN MEDICAL CENTER,IL,17.5,30.884651504865353
ROBERT PACKER HOSPITAL,PA,17.5,30.884651504865353
UCI HEALTH - FOUNTAIN VALLEY,CA,17.583333333333,30.884651504865353
ST JOSEPH MEDICAL CENTER,IL,17.583333333333,30.884651504865353
INDIANA UNIVERSITY HEALTH NORTH HOSPITAL,IN,17.583333333333,30.884651504865353
WESTCHESTER MEDICAL CENTER,NY,17.583333333333,30.884651504865353
ONSLOW MEMORIAL HOSPITAL,NC,17.583333333333,30.884651504865353
UPMC MEMORIAL,PA,17.583333333333,30.884651504865353
GRAND STRAND REGIONAL MEDICAL CENTER,SC,17.583333333333,30.884651504865353
BANNER HEART HOSPITAL,AZ,17.666666666667,30.884651504865353
UOFL HEALTH - JEWISH HOSPITAL and Mary & Elizabeth Hospital,KY,17.666666666667,30.884651504865353
VHS HARLINGEN HOSPITAL COMPANY LLC,TX,17.666666666667,30.884651504865353
GARFIELD MEDICAL CENTER,CA,17.75,30.884651504865353
ST JOSEPH'S HOSPITAL - SAVANNAH,GA,17.75,30.884651504865353
DEACONESS HOSPITAL INC,IN,17.75,30.884651504865353
KENMORE MERCY HOSPITAL,NY,17.75,30.884651504865353
CONWAY MEDICAL CENTER,SC,17.75,30.884651504865353
HCA HOUSTON HEALTHCARE SOUTHEAST,TX,17.75,30.884651504865353
ST MARY'S HOSPITAL,GA,17.833333333333,30.884651504865353
CARLE HEALTH METHODIST HOSPITAL,IL,17.833333333333,30.884651504865353
MAINEHEALTH MAINE MEDICAL CENTER,ME,17.833333333333,30.884651504865353
MEMORIAL MISSION HOSPITAL AND ASHEVILLE SURGERY CE,NC,17.833333333333,30.884651504865353
SIERRA MEDICAL CENTER,TX,17.833333333333,30.884651504865353
MEMORIAL HERMANN NORTHEAST HOSPITAL,TX,17.833333333333,30.884651504865353
ST MARY MEDICAL CENTER,IL,17.875,30.884651504865353
PROV SACRED HRT MED CTR & CHILDS HOSP.,WA,17.916666666667,30.884651504865353
PIEDMONT EASTSIDE MEDICAL CENTER,GA,17.958333333333,30.884651504865353
"MEDICAL WEST, AN AFFILIATE OF UAB HEALTH SYSTEM",AL,18.0,30.884651504865353
JACOBI MEDICAL CENTER,NY,18.0,30.884651504865353
HARDIN MEDICAL CENTER,TN,18.0,30.884651504865353
DALLAS REGIONAL MEDICAL CENTER,TX,18.0,30.884651504865353
TRINITY MEDICAL CTR EAST &TRINITY MEDICAL CTR WEST,OH,18.083333333333,30.884651504865353
THREE RIVERS HEALTH,MI,18.111111111111,30.884651504865353
NORTHWEST HEALTH-LA PORTE,IN,18.125,30.884651504865353
HIGH POINT REGIONAL HEALTH SYSTEM,NC,18.125,30.884651504865353
ST BARNABAS HOSPITAL,NY,18.166666666667,30.884651504865353
HUNTSVILLE HOSPITAL,AL,18.25,30.884651504865353
MERCY HOSPITAL WASHINGTON,MO,18.25,30.884651504865353
ELMHURST HOSPITAL CENTER,NY,18.25,30.884651504865353
WILSON MEMORIAL HOSPITAL,OH,18.25,30.884651504865353
LICKING MEMORIAL HOSPITAL,OH,18.25,30.884651504865353
GEISINGER WYOMING VALLEY MEDICAL CENTER,PA,18.25,30.884651504865353
HONORHEALTH SCOTTSDALE OSBORN MEDICAL CENTER,AZ,18.333333333333,30.884651504865353
HONORHEALTH SCOTTSDALE SHEA MEDICAL CENTER,AZ,18.333333333333,30.884651504865353
COMMUNITY HOSPITAL OF HUNTINGTON PARK,CA,18.333333333333,30.884651504865353
PARKVIEW COMMUNITY HOSPITAL MEDICAL CENTER,CA,18.333333333333,30.884651504865353
SLIDELL MEMORIAL HOSPITAL,LA,18.333333333333,30.884651504865353
CAYUGA MEDICAL CENTER AT ITHACA,NY,18.333333333333,30.884651504865353
CENTRAL CAROLINA HOSPITAL,NC,18.333333333333,30.884651504865353
UPMC JAMESON,PA,18.333333333333,30.884651504865353
METHODIST HOSPITAL  STONE OAK,TX,18.333333333333,30.884651504865353
OCHSNER LSU HEALTH SHREVEPORT,LA,18.375,30.884651504865353
CALIFORNIA HOSPITAL MEDICAL CENTER LA,CA,18.416666666667,30.884651504865353
CENTRAL FLORIDA LAKE MONROE HOSPITAL,FL,18.416666666667,30.884651504865353
GOOD SAMARITAN MEDICAL CENTER,FL,18.416666666667,30.884651504865353
JEFFERSON HEALTH- NORTHEAST,PA,18.416666666667,30.884651504865353
COASTAL CAROLINA HOSPITAL,SC,18.416666666667,30.884651504865353
BANNER OCOTILLO MEDICAL CENTER,AZ,18.5,30.884651504865353
BEEBE MEDICAL CENTER,DE,18.5,30.884651504865353
HCA FLORIDA PUTNAM HOSPITAL,FL,18.5,30.884651504865353
PHYSICIANS REGIONAL MEDICAL CENTER - PINE RIDGE,FL,18.5,30.884651504865353
TRISTAR GREENVIEW REGIONAL HOSPITAL,KY,18.5,30.884651504865353
RAPIDES REGIONAL MEDICAL CENTER,LA,18.5,30.884651504865353
COMMUNITY HOSPITAL OF ANDERSON AND MADISON COUNTY,IN,18.583333333333,30.884651504865353
FRANCISCAN HEALTH INDIANAPOLIS,IN,18.583333333333,30.884651504865353
"UNITED HEALTH SERVICES HOSPITALS, INC",NY,18.666666666667,30.884651504865353
GREAT PLAINS REGIONAL MEDICAL CENTER,OK,18.666666666667,30.884651504865353
REGIONAL HOSPITAL OF SCRANTON,PA,18.666666666667,30.884651504865353
COVENANT MEDICAL CENTER,TX,18.666666666667,30.884651504865353
DOCTORS HOSPITAL OF MANTECA,CA,18.75,30.884651504865353
MEMORIALCARE LONG BEACH MEDICAL CENTER,CA,18.75,30.884651504865353
ADVENTHEALTH SEBRING,FL,18.75,30.884651504865353
OTTUMWA REGIONAL HEALTH CENTER,IA,18.75,30.884651504865353
VIRTUA WILLINGBORO HOSPITAL,NJ,18.75,30.884651504865353
ST PETER'S HOSPITAL,NY,18.75,30.884651504865353
HEALTHALLIANCE HOSPITAL MARYS AVENUE CAMPUS,NY,18.75,30.884651504865353
CHEROKEE MEDICAL CENTER,SC,18.75,30.884651504865353
LOMPOC VALLEY MEDICAL CENTER,CA,18.833333333333,30.884651504865353
PALOMAR HEALTH DOWNTOWN CAMPUS,CA,18.833333333333,30.884651504865353
OSF SAINT ELIZABETH MDL CTR,IL,18.833333333333,30.884651504865353
METROWEST MEDICAL CENTER,MA,18.833333333333,30.884651504865353
MEMORIAL HOSPITAL AT GULFPORT,MS,18.833333333333,30.884651504865353
HACKENSACK MERIDIAN MOUNTAINSIDE MEDICAL,NJ,18.833333333333,30.884651504865353
HERITAGE VALLEY BEAVER,PA,18.833333333333,30.884651504865353
WELLSPAN YORK HOSPITAL,PA,18.833333333333,30.884651504865353
ALLEGHENY GENERAL HOSPITAL,PA,18.833333333333,30.884651504865353
GOOD SAMARITAN HOSPITAL,IN,18.875,30.884651504865353
DUKE HEALTH LAKE NORMAN HOSPITAL,NC,18.875,30.884651504865353
FLAGLER HOSPITAL,FL,18.916666666667,30.884651504865353
BARTOW REGIONAL MEDICAL CENTER,FL,18.916666666667,30.884651504865353
PALM BEACH GARDENS MEDICAL CENTER,FL,18.916666666667,30.884651504865353
CORAL GABLES HOSPITAL,FL,18.916666666667,30.884651504865353
SOUTHCOAST HOSPITALS GROUP,MA,18.916666666667,30.884651504865353
MERCY ST VINCENT MEDICAL CENTER,OH,18.916666666667,30.884651504865353
WILKES-BARRE GENERAL HOSPITAL,PA,18.916666666667,30.884651504865353
MCLEOD REGIONAL MEDICAL CENTER-PEE DEE,SC,18.916666666667,30.884651504865353
BSA HOSPITAL,TX,18.916666666667,30.884651504865353
NORTON CLARK HOSPITAL,IN,18.958333333333,30.884651504865353
POMONA VALLEY HOSPITAL MEDICAL CENTER,CA,19.0,30.884651504865353
HOLY FAMILY HOSPITAL,MA,19.0,30.884651504865353
MERIT HEALTH RIVER OAKS,MS,19.0,30.884651504865353
CENTERPOINT MEDICAL CENTER,MO,19.0,30.884651504865353
ANTELOPE VALLEY HOSPITAL,CA,19.083333333333,30.884651504865353
LAC/HARBOR-UCLA MED CENTER,CA,19.083333333333,30.884651504865353
HCA FLORIDA FAWCETT HOSPITAL,FL,19.083333333333,30.884651504865353
FORREST GENERAL HOSPITAL,MS,19.083333333333,30.884651504865353
MONTEFIORE ST LUKE'S CORNWALL,NY,19.083333333333,30.884651504865353
PENN STATE HEALTH HOLY SPIRIT MEDICAL CENTER,PA,19.083333333333,30.884651504865353
READING HOSPITAL,PA,19.083333333333,30.884651504865353
"COLUMBUS COMMUNITY HOSPITAL, INC",NE,19.125,30.884651504865353
LAKEWOOD RANCH MEDICAL CENTER,FL,19.166666666667,30.884651504865353
UPMC HAMOT,PA,19.166666666667,30.884651504865353
CONEMAUGH MEMORIAL MEDICAL CENTER,PA,19.166666666667,30.884651504865353
SAINT ANTHONY HOSPITAL,IL,19.222222222222,30.884651504865353
HOLY CROSS HOSPITAL,FL,19.25,30.884651504865353
PROVIDENCE MEDICAL CENTER,KS,19.25,30.884651504865353
LEGACY EMANUEL MEDICAL CENTER,OR,19.25,30.884651504865353
FRANKLIN WOODS COMMUNITY HOSPITAL,TN,19.25,30.884651504865353
ODESSA REGIONAL MEDICAL CENTER,TX,19.25,30.884651504865353
BANNER GATEWAY MEDICAL CENTER,AZ,19.333333333333,30.884651504865353
ARROWHEAD REGIONAL MEDICAL CENTER,CA,19.333333333333,30.884651504865353
REID HEALTH,IN,19.333333333333,30.884651504865353
"INTEGRIS BAPTIST MEDICAL CENTER, INC",OK,19.333333333333,30.884651504865353
PRISMA HEALTH BAPTIST,SC,19.333333333333,30.884651504865353
NATIONAL PARK MEDICAL CENTER,AR,19.416666666667,30.884651504865353
DAY KIMBALL HOSPITAL,CT,19.416666666667,30.884651504865353
EAST GEORGIA REGIONAL MEDICAL CENTER,GA,19.416666666667,30.884651504865353
FRANCISCAN HEALTH MICHIGAN CITY,IN,19.416666666667,30.884651504865353
JEFFERSON STRATFORD HOSPITAL,NJ,19.416666666667,30.884651504865353
SPARTANBURG MEDICAL CENTER,SC,19.416666666667,30.884651504865353
USA HEALTH UNIVERSITY HOSPITAL,AL,19.5,30.884651504865353
DCH REGIONAL MEDICAL CENTER,AL,19.5,30.884651504865353
DECATUR MEMORIAL HOSPITAL,IL,19.5,30.884651504865353
EAST JEFFERSON GENERAL HOSPITAL,LA,19.5,30.884651504865353
MISSISSIPPI BAPTIST MEDICAL CENTER,MS,19.5,30.884651504865353
UNION HOSPITAL,OH,19.5,30.884651504865353
HUNTSVILLE MEMORIAL HOSPITAL,TX,19.5,30.884651504865353
JOHNSTON MEMORIAL HOSPITAL,VA,19.5,30.884651504865353
ADVENTIST HEALTH BAKERSFIELD,CA,19.625,30.884651504865353
TAMPA GENERAL HOSPITAL CRYSTAL RIVER,FL,19.625,30.884651504865353
JOHN MUIR MEDICAL CENTER - WALNUT CREEK CAMPUS,CA,19.666666666667,30.884651504865353
AHMC SETON MEDICAL CENTER,CA,19.666666666667,30.884651504865353
UCLA WEST VALLEY MEDICAL CENTER,CA,19.666666666667,30.884651504865353
ST DOMINIC-JACKSON MEMORIAL HOSPITAL,MS,19.666666666667,30.884651504865353
CHAMPLAIN VALLEY PHYSICIANS HOSPITAL MEDICAL CTR,NY,19.666666666667,30.884651504865353
TRISTAR SOUTHERN HILLS MEDICAL CENTER,TN,19.666666666667,30.884651504865353
EPHRAIM MCDOWELL REGIONAL MEDICAL CENTER,KY,19.708333333333,30.884651504865353
PRINCETON BAPTIST MEDICAL CENTER,AL,19.75,30.884651504865353
DOMINICAN HOSPITAL,CA,19.75,30.884651504865353
NORTHSIDE HOSPITAL GWINNETT,GA,19.75,30.884651504865353
ST JOSEPH REGIONAL MEDICAL CENTER,ID,19.75,30.884651504865353
BENEFIS HOSPITALS INC,MT,19.75,30.884651504865353
REGIONAL WEST MEDICAL CENTER,NE,19.75,30.884651504865353
NORMAN REGIONAL,OK,19.75,30.884651504865353
BON SECOURS ST FRANCIS MEDICAL CENTER,VA,19.75,30.884651504865353
BANNER THUNDERBIRD MEDICAL CENTER,AZ,19.833333333333,30.884651504865353
BOONE HOSPITAL CENTER,MO,19.833333333333,30.884651504865353
"MERCY HOSPITAL OKLAHOMA CITY, INC",OK,19.875,30.884651504865353
MOBILE INFIRMARY MEDICAL CENTER,AL,19.916666666667,30.884651504865353
ST JOSEPH'S MEDICAL CENTER OF STOCKTON,CA,19.916666666667,30.884651504865353
BANNER NORTH COLORADO MEDICAL CENTER,CO,19.916666666667,30.884651504865353
SAINT ANTHONY MEDICAL CENTER,IL,19.916666666667,30.884651504865353
MERCYONE SIOUXLAND MEDICAL CENTER,IA,19.916666666667,30.884651504865353
THE MCDOWELL HOSPITAL,NC,19.916666666667,30.884651504865353
TEMPLE UNIVERSITY HOSPITAL,PA,19.916666666667,30.884651504865353
ST FRANCIS HOSPITAL,TN,19.916666666667,30.884651504865353
OUACHITA COUNTY MEDICAL CENTER,AR,20.0,30.884651504865353
EMANATE HEALTH FOOTHILL PRESBYTERIAN HOSPITAL,CA,20.0,30.884651504865353
NAPLES COMMUNITY HOSPITAL,FL,20.0,30.884651504865353
CLEVELAND CLINIC INDIAN RIVER HOSPITAL,FL,20.0,30.884651504865353
DESOTO MEMORIAL HOSPITAL,FL,20.0,30.884651504865353
WEST JERSEY HOSPITAL,NJ,20.0,30.884651504865353
COMMUNITY MEDICAL CENTER,NJ,20.0,30.884651504865353
LEHIGH VALLEY HOSPITAL - HAZLETON,PA,20.0,30.884651504865353
SOUTHERN TENNESSEE REGIONAL HEALTH SYSTEM PULASKI,TN,20.0,30.884651504865353
TWIN COUNTY REGIONAL HOSPITAL,VA,20.0,30.884651504865353
MULTICARE AUBURN MEDICAL CENTER,WA,20.0,30.884651504865353
NORTHEAST ALABAMA REGIONAL MEDICAL CENTER,AL,20.083333333333,30.884651504865353
HONORHEALTH DEER VALLEY MEDICAL CENTER,AZ,20.083333333333,30.884651504865353
VALLEY PRESBYTERIAN HOSPITAL,CA,20.083333333333,30.884651504865353
ALAMEDA HOSPITAL,CA,20.083333333333,30.884651504865353
USC ARCADIA HOSPITAL,CA,20.083333333333,30.884651504865353
BILLINGS CLINIC,MT,20.083333333333,30.884651504865353
ERIE COUNTY MEDICAL CENTER,NY,20.083333333333,30.884651504865353
PIEDMONT HENRY HOSPITAL,GA,20.166666666667,30.884651504865353
COMMUNITY HOSPITAL,IN,20.166666666667,30.884651504865353
OVERLAND PARK REG MED CTR,KS,20.166666666667,30.884651504865353
SINGING RIVER HEALTH SYSTEM,MS,20.166666666667,30.884651504865353
CHI ST LUKES HEALTH MEMORIAL LUFKIN,TX,20.166666666667,30.884651504865353
MEDICAL CITY FORT WORTH,TX,20.166666666667,30.884651504865353
PARRISH MEDICAL CENTER,FL,20.25,30.884651504865353
ORLANDO HEALTH MELBOURNE HOSPITAL,FL,20.25,30.884651504865353
CHRISTUS OCHSNER ST PATRICK HOSPITAL,LA,20.25,30.884651504865353
TRUMAN MEDICAL CENTER HOSPITAL HILL,MO,20.25,30.884651504865353
RICHMOND UNIVERSITY MEDICAL CENTER,NY,20.25,30.884651504865353
ECU HEALTH NORTH HOSPITAL,NC,20.25,30.884651504865353
OGDEN REGIONAL MEDICAL CENTER,UT,20.25,30.884651504865353
BAYLOR SCOTT & WHITE MEDICAL CENTER - MARBLE FALLS,TX,20.25,30.884651504865353
ARKANSAS METHODIST MEDICAL CENTER,AR,20.333333333333,30.884651504865353
OCHSNER ST MARY,LA,20.333333333333,30.884651504865353
WELLSTAR COBB MEDICAL CENTER,GA,20.375,30.884651504865353
YAVAPAI REGIONAL MEDICAL CENTER,AZ,20.416666666667,30.884651504865353
GOOD SAMARITAN HOSPITAL,CA,20.416666666667,30.884651504865353
CANDLER HOSPITAL,GA,20.416666666667,30.884651504865353
HEARTLAND REGIONAL MEDICAL CENTER,IL,20.416666666667,30.884651504865353
ALLINA UNITED HOSPITAL,MN,20.416666666667,30.884651504865353
OSWEGO HOSPITAL,NY,20.416666666667,30.884651504865353
FRYE REGIONAL MEDICAL CENTER,NC,20.416666666667,30.884651504865353
TEXAS HEALTH PRESBYTERIAN HOSPITAL DALLAS,TX,20.416666666667,30.884651504865353
UNIVERSITY MEDICAL CENTER,TX,20.416666666667,30.884651504865353
THOMAS MEMORIAL HOSPITAL,WV,20.416666666667,30.884651504865353
MEMORIAL HERMANN KATY HOSPITAL,TX,20.458333333333,30.884651504865353
KAISER FOUNDATION HOSPITAL - SACRAMENTO,CA,20.5,30.884651504865353
MOUNTAIN VIEW REGIONAL MEDICAL CENTER,NM,20.5,30.884651504865353
KETTERING HEALTH DAYTON,OH,20.5,30.884651504865353
SAN DIMAS COMMUNITY HOSPITAL,CA,20.541666666667,30.884651504865353
BEAUMONT HOSPITAL ROYAL OAK,MI,20.583333333333,30.884651504865353
JACKSON-MADISON COUNTY GENERAL HOSPITAL,TN,20.583333333333,30.884651504865353
ST ROSE HOSPITAL,CA,20.625,30.884651504865353
REDLANDS COMMUNITY HOSPITAL,CA,20.625,30.884651504865353
UCHEALTH GREELEY HOSPITAL,CO,20.625,30.884651504865353
SUNY/DOWNSTATE UNIVERSITY HOSPITAL OF BROOKLYN,NY,20.625,30.884651504865353
BAPTIST HEALTH FLOYD,IN,20.666666666667,30.884651504865353
UMASS MEMORIAL MEDICAL CENTER/UNIVERSITY CAMPUS,MA,20.666666666667,30.884651504865353
BASSETT HEALTHCARE,NY,20.666666666667,30.884651504865353
CHRISTUS MOTHER FRANCES HOSPITAL,TX,20.666666666667,30.884651504865353
VALLEY BAPTIST MEDICAL CENTER- BROWNSVILLE,TX,20.708333333333,30.884651504865353
"TIDALHEALTH NANTICOKE, INC.",DE,20.75,30.884651504865353
BROWARD HEALTH IMPERIAL POINT,FL,20.75,30.884651504865353
HCA FLORIDA BRANDON HOSPITAL,FL,20.75,30.884651504865353
UMASS MEMORIAL HEALTHCARE-MARLBOROUGH HOSPITAL,MA,20.75,30.884651504865353
UNIVERSITY OF MISSISSIPPI MEDICAL CENTER- GRENADA,MS,20.75,30.884651504865353
ST JOHN'S RIVERSIDE HOSPITAL,NY,20.75,30.884651504865353
WYCKOFF HEIGHTS MEDICAL CENTER,NY,20.75,30.884651504865353
JEFFERSON EINSTEIN PHILADELPHIA HOSPITAL,PA,20.75,30.884651504865353
KAISER FOUNDATION HOSPITAL-SANTA CLARA,CA,20.777777777778,30.884651504865353
CARLSBAD MEDICAL CENTER,NM,20.791666666667,30.884651504865353
UPMC ST MARGARET,PA,20.791666666667,30.884651504865353
BAPTIST HOSPITAL,FL,20.833333333333,30.884651504865353
LOYOLA UNIVERSITY MEDICAL CENTER,IL,20.833333333333,30.884651504865353
ST CATHERINE HOSPITAL INC,IN,20.833333333333,30.884651504865353
CANONSBURG GENERAL HOSPITAL,PA,20.833333333333,30.884651504865353
BAPTIST MEDICAL CENTER,TX,20.833333333333,30.884651504865353
ST MARYS MEDICAL CENTER,WV,20.833333333333,30.884651504865353
MARSHALL MEDICAL CENTERS,AL,20.916666666667,30.884651504865353
MERCY HOSPITAL JOPLIN,MO,20.916666666667,30.884651504865353
HCA HEALTHONE MOUNTAIN RIDGE,CO,21.0,30.884651504865353
WATERBURY HOSPITAL,CT,21.0,30.884651504865353
EMORY UNIVERSITY HOSPITAL MIDTOWN,GA,21.0,30.884651504865353
DUPONT HOSPITAL LLC,IN,21.0,30.884651504865353
CALDWELL MEMORIAL HOSPITAL,NC,21.0,30.884651504865353
UPMC MCKEESPORT HOSPITAL,PA,21.0,30.884651504865353
PRISMA HEALTH RICHLAND HOSPITAL,SC,21.0,30.884651504865353
"PRAIRIE LAKES HEALTHCARE SYSTEM, INC",SD,21.0,30.884651504865353
GREENEVILLE COMMUNITY HOSPITAL,TN,21.0,30.884651504865353
BAPTIST MEMORIAL HOSPITAL UNION CITY,TN,21.0,30.884651504865353
CHRISTUS ST MICHAEL HEALTH SYSTEM,TX,21.0,30.884651504865353
GRANDVIEW MEDICAL CENTER,AL,21.083333333333,30.884651504865353
"PARKVIEW MEDICAL CENTER, INC",CO,21.083333333333,30.884651504865353
INTERMOUNTAIN HEALTH ST. MARY'S REGIONAL HOSPITAL,CO,21.083333333333,30.884651504865353
DELRAY MEDICAL CENTER,FL,21.083333333333,30.884651504865353
ANDERSON REGIONAL MEDICAL CENTER,MS,21.083333333333,30.884651504865353
GREAT PLAINS HEALTH,NE,21.083333333333,30.884651504865353
UNIVERSITY MEDICAL CENTER,NV,21.083333333333,30.884651504865353
LOVELACE MEDICAL CENTER,NM,21.083333333333,30.884651504865353
UNIVERSITY OF TOLEDO MEDICAL CENTER,OH,21.083333333333,30.884651504865353
ROUND ROCK MEDICAL CENTER,TX,21.083333333333,30.884651504865353
HCA FLORIDA LAKE CITY HOSPITAL,FL,21.125,30.884651504865353
PALISADES MEDICAL CENTER,NJ,21.125,30.884651504865353
INSPIRA MEDICAL CENTER MULLICA HILL,NJ,21.125,30.884651504865353
SUMMA WESTERN RESERVE HOSPITAL,OH,21.125,30.884651504865353
KERSHAWHEALTH,SC,21.125,30.884651504865353
HENRY MAYO NEWHALL  HOSPITAL,CA,21.166666666667,30.884651504865353
GEORGE WASHINGTON UNIV HOSPITAL,DC,21.166666666667,30.884651504865353
HCA FLORIDA LAWNWOOD HOSPITAL,FL,21.166666666667,30.884651504865353
WEST BOCA MEDICAL CENTER,FL,21.166666666667,30.884651504865353
GARNET HEALTH  MEDICAL CENTER CATSKILLS,NY,21.166666666667,30.884651504865353
MAGEE WOMENS HOSPITAL OF UPMC HEALTH SYSTEM,PA,21.166666666667,30.884651504865353
JFK UNIVERSITY MEDICAL CENTER,NJ,21.208333333333,30.884651504865353
ABRAZO ARROWHEAD HOSPITAL,AZ,21.25,30.884651504865353
ADVOCATE CONDELL MEDICAL CENTER,IL,21.25,30.884651504865353
UNIVERSITY OF KANSAS HEALTH SYSTEM OLATHE HOSPITAL,KS,21.25,30.884651504865353
HENDERSON HOSPITAL,NV,21.25,30.884651504865353
THE HOSPITAL OF CENTRAL CONNECTICUT,CT,21.291666666667,30.884651504865353
PENN HIGHLANDS MON VALLEY,PA,21.291666666667,30.884651504865353
PRISMA HEALTH BAPTIST PARKRIDGE,SC,21.291666666667,30.884651504865353
PROVIDENCE SAINT JOSEPH MEDICAL CTR,CA,21.333333333333,30.884651504865353
HCA FLORIDA ENGLEWOOD HOSPITAL,FL,21.333333333333,30.884651504865353
PIEDMONT MEDICAL CENTER,SC,21.333333333333,30.884651504865353
SOUTHERN TENNESSEE REGIONAL HEALTH SYSTEM WINCHEST,TN,21.333333333333,30.884651504865353
RIVERSIDE REGIONAL MEDICAL CENTER,VA,21.333333333333,30.884651504865353
WEST JEFFERSON MEDICAL CENTER,LA,21.375,30.884651504865353
LAKE GRANBURY MEDICAL CENTER,TX,21.375,30.884651504865353
CALIFORNIA PACIFIC MEDICAL CTR-DAVIES CAMPUS HOSP,CA,21.416666666667,30.884651504865353
SKY RIDGE MEDICAL CENTER,CO,21.416666666667,30.884651504865353
SAINT FRANCIS MEDICAL CENTER,IL,21.416666666667,30.884651504865353
LUTHERAN HOSPITAL OF INDIANA,IN,21.416666666667,30.884651504865353
COOPER UNIVERSITY HOSPITAL,NJ,21.416666666667,30.884651504865353
GRANT MEDICAL CENTER,OH,21.416666666667,30.884651504865353
UPMC ALTOONA,PA,21.416666666667,30.884651504865353
THE HOSPITALS OF PROVIDENCE - MEMORIAL CAMPUS,TX,21.416666666667,30.884651504865353
BON SECOURS MEMORIAL REGIONAL MEDICAL CENTER,VA,21.416666666667,30.884651504865353
TACOMA GENERAL ALLENMORE HOSPITAL,WA,21.416666666667,30.884651504865353
MARSHFIELD MEDICAL CENTER,WI,21.416666666667,30.884651504865353
NORTHWEST MEDICAL CENTER,AZ,21.5,30.884651504865353
ORO VALLEY HOSPITAL,AZ,21.5,30.884651504865353
SIERRA VIEW MEDICAL CENTER,CA,21.5,30.884651504865353
BARSTOW COMMUNITY HOSPITAL,CA,21.5,30.884651504865353
HIGHLAND HOSPITAL,CA,21.5,30.884651504865353
ORLANDO HEALTH SEBASTIAN RIVER HOSPITAL,FL,21.5,30.884651504865353
NORTHSIDE HOSPITAL,GA,21.5,30.884651504865353
ST LUKES HOSPITAL,MN,21.5,30.884651504865353
MERCY HEALTH - FAIRFIELD HOSPITAL,OH,21.5,30.884651504865353
GETTYSBURG HOSPITAL,PA,21.5,30.884651504865353
TIDELANDS WACCAMAW COMMUNITY HOSPITAL,SC,21.5,30.884651504865353
SSM HEALTH ST MARY'S HOSPITAL - ST LOUIS,MO,21.541666666667,30.884651504865353
WASHINGTON REGIONAL MEDICAL CENTER,AR,21.583333333333,30.884651504865353
BAPTIST HEALTH MEDICAL CENTER- CONWAY,AR,21.625,30.884651504865353
LOYOLA GOTTLIEB MEMORIAL HOSPITAL,IL,21.625,30.884651504865353
SWEDISH EDMONDS HOSPITAL,WA,21.625,30.884651504865353
UCI HEALTH-PLACENTIA LINDA,CA,21.666666666667,30.884651504865353
MIDDLESBORO ARH HOSPITAL,KY,21.666666666667,30.884651504865353
OUR LADY OF THE LAKE REGIONAL MEDICAL CENTER,LA,21.666666666667,30.884651504865353
BAPTIST MEMORIAL HOSPITAL BOONEVILLE,MS,21.666666666667,30.884651504865353
ERLANGER MEDICAL CENTER,TN,21.666666666667,30.884651504865353
MEMORIAL HERMANN HOSPITAL SYSTEM,TX,21.666666666667,30.884651504865353
SALEM REGIONAL MEDICAL CENTER,OH,21.708333333333,30.884651504865353
SENTARA NORTHERN VIRGINIA MEDICAL CENTER,VA,21.708333333333,30.884651504865353
SAINT FRANCIS MEDICAL CENTER,CA,21.75,30.884651504865353
"MOUNT SINAI MEDICAL CENTER OF FLORIDA, INC",FL,21.75,30.884651504865353
HCA FLORIDA NORTH FLORIDA HOSPITAL,FL,21.75,30.884651504865353
CAPE CORAL HOSPITAL,FL,21.75,30.884651504865353
PALOS COMMUNITY HOSPITAL,IL,21.75,30.884651504865353
NEWARK BETH ISRAEL MEDICAL CENTER,NJ,21.75,30.884651504865353
CHRISTUS SPOHN HOSPITAL BEEVILLE,TX,21.75,30.884651504865353
GRAND LAKE HEALTH SYSTEM,OH,21.777777777778,30.884651504865353
WHITE RIVER MEDICAL CENTER,AR,21.833333333333,30.884651504865353
PALMDALE REGIONAL MEDICAL CENTER,CA,21.833333333333,30.884651504865353
HOLMES REGIONAL MEDICAL CENTER,FL,21.833333333333,30.884651504865353
JACKSON HEALTH SYSTEM,FL,21.833333333333,30.884651504865353
"VILLAGES REGIONAL HOSPITAL, THE",FL,21.833333333333,30.884651504865353
DOCTORS HOSPITAL,GA,21.833333333333,30.884651504865353
LEHIGH VALLEY HOSPITAL - DICKSON CITY,PA,21.833333333333,30.884651504865353
MULTICARE GOOD SAMARITAN HOSPITAL,WA,21.833333333333,30.884651504865353
PHOENIXVILLE HOSPITAL,PA,21.875,30.884651504865353
UNITYPOINT HEALTH - DES MOINES IOWA METHODIST MEDI,IA,21.916666666667,30.884651504865353
ST ELIZABETH FLORENCE,KY,21.958333333333,30.884651504865353
KAISER FOUNDATION HOSP SO SACRAMENTO,CA,22.0,30.884651504865353
HCA FLORIDA NORTHSIDE HOSPITAL,FL,22.0,30.884651504865353
SAINT ALPHONSUS MEDICAL CENTER - NAMPA,ID,22.0,30.884651504865353
MARY GREELEY MEDICAL CENTER,IA,22.0,30.884651504865353
ST FRANCIS MEDICAL CENTER,LA,22.0,30.884651504865353
ST JOSEPH'S UNIVERSITY MEDICAL CENTER INC,NJ,22.0,30.884651504865353
VIDANT ROANOKE CHOWAN HOSPITAL,NC,22.0,30.884651504865353
HILLCREST MEDICAL CENTER,OK,22.0,30.884651504865353
GRADY MEMORIAL HOSPITAL,OK,22.0,30.884651504865353
SPOTSYLVANIA REGIONAL MEDICAL CENTER,VA,22.0,30.884651504865353
ST MARYS HOSPITAL MEDICAL CTR,WI,22.0,30.884651504865353
ADVENTHEALTH TAMPA,FL,22.083333333333,30.884651504865353
INDIANA UNIVERSITY HEALTH BALL MEMORIAL HOSPITAL,IN,22.083333333333,30.884651504865353
UNIVERSITY OF TEXAS MEDICAL BRANCH GALVESTON,TX,22.083333333333,30.884651504865353
COREWELL HEALTH WAYNE HOSPITAL,MI,22.125,30.884651504865353
CAMERON REGIONAL MEDICAL CENTER,MO,22.125,30.884651504865353
ST BERNARDINE MEDICAL CENTER,CA,22.166666666667,30.884651504865353
BAPTIST HEALTH DEACONESS MADISONVILLE,KY,22.166666666667,30.884651504865353
MERCY HOSPITAL OF BUFFALO,NY,22.166666666667,30.884651504865353
MERCY HEALTH-ANDERSON HOSPITAL,OH,22.166666666667,30.884651504865353
ALLIANCE COMMUNITY HOSPITAL,OH,22.166666666667,30.884651504865353
BLOUNT MEMORIAL HOSPITAL,TN,22.166666666667,30.884651504865353
ADVENTIST HEALTH LODI MEMORIAL,CA,22.208333333333,30.884651504865353
COLUSA MEDICAL CENTER,CA,22.222222222222,30.884651504865353
HIGHLAND COMMUNITY  HOSPITAL,MS,22.222222222222,30.884651504865353
HALIFAX HEALTH MEDICAL CENTER,FL,22.25,30.884651504865353
SAINT FRANCIS MEDICAL CENTER,MO,22.25,30.884651504865353
AVERA MCKENNAN HOSPITAL & UNIVERSITY HEALTH CENTER,SD,22.25,30.884651504865353
HCA HOUSTON HEALTHCARE CONROE,TX,22.25,30.884651504865353
NACOGDOCHES MEDICAL CENTER,TX,22.25,30.884651504865353
INTEGRIS HEALTH ENID HOSPITAL,OK,22.291666666667,30.884651504865353
MENIFEE GLOBAL MEDICAL CENTER,CA,22.333333333333,30.884651504865353
ST VINCENT'S MEDICAL CENTER,CT,22.333333333333,30.884651504865353
CHRISTIANA HOSPITAL,DE,22.333333333333,30.884651504865353
CLEVELAND CLINIC MARTIN NORTH HOSPITAL,FL,22.333333333333,30.884651504865353
RENOWN REGIONAL MEDICAL CENTER,NV,22.333333333333,30.884651504865353
UH CLEVELAND MEDICAL CENTER,OH,22.333333333333,30.884651504865353
LIVINGSTON REGIONAL HOSPITAL,TN,22.333333333333,30.884651504865353
"WOMANS HOSPITAL OF TEXAS,THE",TX,22.333333333333,30.884651504865353
NORTH AUSTIN MEDICAL CENTER,TX,22.333333333333,30.884651504865353
BON SECOURS ST MARYS HOSPITAL,VA,22.333333333333,30.884651504865353
SPRINGHILL MEDICAL CENTER,AL,22.416666666667,30.884651504865353
MERCY SAN JUAN MEDICAL CENTER,CA,22.416666666667,30.884651504865353
ST FRANCIS HOSPITAL- EMORY HEALTHCARE,GA,22.416666666667,30.884651504865353
BAPTIST HEALTH PADUCAH,KY,22.416666666667,30.884651504865353
UNIVERSITY MEDICAL CENTER OF PRINCETON AT PLAINSBORO,NJ,22.416666666667,30.884651504865353
FORT LOUDOUN MEDICAL CENTER,TN,22.416666666667,30.884651504865353
DEACONESS MEDICAL CENTER,WA,22.416666666667,30.884651504865353
"WEST VIRGINIA UNIVERSITY HOSPITALS, INC",WV,22.416666666667,30.884651504865353
"BAPTIST MEMORIAL HOSPITAL JONESBORO, INC.",AR,22.5,30.884651504865353
UNIVERSITY OF CALIFORNIA DAVIS MEDICAL CENTER,CA,22.5,30.884651504865353
FORT HAMILTON HUGHES MEMORIAL HOSPITAL,OH,22.5,30.884651504865353
METHODIST CHARLTON MEDICAL CENTER,TX,22.5,30.884651504865353
BAPTIST HEALTH MEDICAL CENTER-DREW COUNTY,AR,22.583333333333,30.884651504865353
TEMECULA VALLEY HOSPITAL,CA,22.583333333333,30.884651504865353
HCA FLORIDA TRINITY HOSPITAL,FL,22.583333333333,30.884651504865353
BON SECOURS SOUTHSIDE MEDICAL CENTER,VA,22.583333333333,30.884651504865353
DAVIS MEDICAL CENTER,WV,22.583333333333,30.884651504865353
SHELBY BAPTIST MEDICAL CENTER,AL,22.666666666667,30.884651504865353
UCI HEALTH-LAKEWOOD,CA,22.666666666667,30.884651504865353
PALMETTO GENERAL HOSPITAL,FL,22.666666666667,30.884651504865353
MERCY MEDICAL CENTER - CEDAR RAPIDS,IA,22.666666666667,30.884651504865353
BROWN UNIVERSITY HEALTH MORTON HOSPITAL,MA,22.666666666667,30.884651504865353
ST JOE MERCY HOSPITAL SYSTEM LIVONIA,MI,22.666666666667,30.884651504865353
NORTH OKALOOSA MEDICAL CENTER,FL,22.708333333333,30.884651504865353
SAN ANTONIO REGIONAL HOSPITAL,CA,22.75,30.884651504865353
ADVENTIST HEALTH AND RIDEOUT,CA,22.75,30.884651504865353
COMMUNITY MEMORIAL HOSPITAL - VENTURA,CA,22.75,30.884651504865353
SUNRISE HOSPITAL AND MEDICAL CENTER,NV,22.75,30.884651504865353
OHSU HOSPITAL AND CLINICS,OR,22.75,30.884651504865353
HERITAGE VALLEY SEWICKLEY,PA,22.75,30.884651504865353
YAKIMA VALLEY MEMORIAL,WA,22.75,30.884651504865353
ST LUKE'S HOSPITAL AT THE VINTAGE,TX,22.75,30.884651504865353
THE HOSPITALS OF PROVIDENCE TRANSMOUNTAIN CAMPUS,TX,22.75,30.884651504865353
MARIA PARHAM MEDICAL CENTER,NC,22.791666666667,30.884651504865353
HEMET GLOBAL MEDICAL CENTER,CA,22.833333333333,30.884651504865353
SAINT MARY'S HOSPITAL,CT,22.833333333333,30.884651504865353
"SAINT JOSEPH'S HOSPITAL OF ATLANTA, INC",GA,22.833333333333,30.884651504865353
KING'S DAUGHTERS' MEDICAL CENTER,KY,22.833333333333,30.884651504865353
FLUSHING HOSPITAL MEDICAL CENTER,NY,22.833333333333,30.884651504865353
BAPTIST MEMORIAL HOSPITAL,TN,22.833333333333,30.884651504865353
SOUTH ARKANSAS REGIONAL HOSPITAL LLC,AR,22.875,30.884651504865353
LAKE CUMBERLAND REGIONAL HOSPITAL,KY,22.875,30.884651504865353
SOUTHWEST MS REGIONAL MEDICAL CENTER,MS,22.875,30.884651504865353
AHS HOSPITAL CORP,NJ,22.875,30.884651504865353
CULLMAN REGIONAL MEDICAL CENTER,AL,22.916666666667,30.884651504865353
HCA FLORIDA LEHIGH REGIONAL MEDICAL CENTER,FL,22.916666666667,30.884651504865353
NORTHSIDE HOSPITAL FORSYTH,GA,22.916666666667,30.884651504865353
BEAUMONT HOSPITAL - DEARBORN,MI,22.916666666667,30.884651504865353
UNIVERSITY HOSPITALS PORTAGE MEDICAL CENTER,OH,22.916666666667,30.884651504865353
COOKEVILLE REGIONAL MEDICAL CENTER,TN,22.916666666667,30.884651504865353
LONGVIEW REGIONAL MEDICAL CENTER,TX,22.916666666667,30.884651504865353
KADLEC REGIONAL MEDICAL CENTER,WA,22.916666666667,30.884651504865353
MACNEAL  HOSPITAL,IL,22.958333333333,30.884651504865353
BANNER CASA GRANDE MEDICAL CENTER,AZ,23.0,30.884651504865353
MEMORIAL REGIONAL HOSPITAL,FL,23.0,30.884651504865353
WINTER HAVEN HOSPITAL,FL,23.0,30.884651504865353
GULF COAST MEDICAL CENTER LEE HEALTH,FL,23.0,30.884651504865353
INDIANA UNIVERSITY HEALTH ARNETT HOSPITAL,IN,23.0,30.884651504865353
UNIVERSITY HOSPITALS AHUJA MEDICAL CENTER,OH,23.0,30.884651504865353
PIEDMONT COLUMBUS REGIONAL MIDTOWN,GA,23.041666666667,30.884651504865353
INTERMOUNTAIN HEALTH PLATTE VALLEY HOSPITAL,CO,23.083333333333,30.884651504865353
HCA-HEALTHONE DBA SWEDISH MEDICAL CENTER,CO,23.083333333333,30.884651504865353
HOMESTEAD HOSPITAL,FL,23.083333333333,30.884651504865353
PARKVIEW REGIONAL MEDICAL CENTER,IN,23.083333333333,30.884651504865353
HMHP ST ELIZABETH BOARDMAN HEALTH CENTER,OH,23.125,30.884651504865353
ALLIANCEHEALTH WOODWARD,OK,23.125,30.884651504865353
KAISER FOUNDATION HOSPITAL - ANTIOCH,CA,23.166666666667,30.884651504865353
"BLUE RIDGE HEALTHCARE HOSPITALS, INC",NC,23.166666666667,30.884651504865353
"WAKEMED, CARY HOSPITAL",NC,23.166666666667,30.884651504865353
NORTHBAY MEDICAL CENTER,CA,23.25,30.884651504865353
CAPE CANAVERAL HOSPITAL,FL,23.25,30.884651504865353
HCA FLORIDA SOUTH SHORE HOSPITAL,FL,23.25,30.884651504865353
GRAHAM HOSPITAL ASSOCIATION,IL,23.25,30.884651504865353
JAVON BEA HOSPITAL,IL,23.25,30.884651504865353
HURLEY MEDICAL CENTER,MI,23.25,30.884651504865353
GARDEN CITY HOSPITAL,MI,23.25,30.884651504865353
SSM ST CLARE HEALTH CENTER,MO,23.25,30.884651504865353
MUSC MEDICAL CENTER,SC,23.25,30.884651504865353
MARION COMMUNTIY HOSPITAL,FL,23.333333333333,30.884651504865353
UNIVERSITY OF KANSAS HEALTH SYSTEM - ST FRANCIS CAMPUS,KS,23.333333333333,30.884651504865353
PIKEVILLE MEDICAL CENTER,KY,23.333333333333,30.884651504865353
CENTRAL MAINE MEDICAL CENTER,ME,23.333333333333,30.884651504865353
WEST CHESTER HOSPITAL,OH,23.333333333333,30.884651504865353
AIKEN REGIONAL MEDICAL CENTER,SC,23.333333333333,30.884651504865353
PARKWEST MEDICAL CENTER,TN,23.333333333333,30.884651504865353
INTEGRIS HEALTH PONCA CITY,OK,23.375,30.884651504865353
UT HEALTH EAST TEXAS ATHENS HOSPITAL,TX,23.375,30.884651504865353
ABRAZO CENTRAL CAMPUS,AZ,23.416666666667,30.884651504865353
BAPTIST HEALTH MEDICAL CENTER NORTH LITTLE ROCK,AR,23.416666666667,30.884651504865353
EDEN MEDICAL CENTER,CA,23.416666666667,30.884651504865353
BANNER MCKEE MEDICAL CENTER,CO,23.416666666667,30.884651504865353
PENN STATE HEALTH LANCASTER MEDICAL CENTER,PA,23.416666666667,30.884651504865353
NORTH ARKANSAS REGIONAL MEDICAL CENTER,AR,23.5,30.884651504865353
BAPTIST HEALTH MEDICAL CENTER-LITTLE ROCK,AR,23.5,30.884651504865353
SUTTER TRACY COMMUNITY HOSPITAL,CA,23.5,30.884651504865353
TAMPA GENERAL HOSPITAL,FL,23.5,30.884651504865353
ATRIUM HEALTH FLOYD MEDICAL CENTER,GA,23.5,30.884651504865353
BLESSING HOSPITAL,IL,23.5,30.884651504865353
PHELPS COUNTY REGIONAL MEDICAL CENTER,MO,23.5,30.884651504865353
BELTON REGIONAL MEDICAL CENTER,MO,23.5,30.884651504865353
PROMEDICA TOLEDO HOSPITAL,OH,23.5,30.884651504865353
COSHOCTON REGIONAL MEDICAL CENTER,OH,23.5,30.884651504865353
MORRISTOWN HAMBLEN HOSPITAL ASSOCIATION,TN,23.5,30.884651504865353
"UNITED HOSPITAL CENTER, INC",WV,23.5,30.884651504865353
PROVIDENCE MISSION HOSPITAL,CA,23.583333333333,30.884651504865353
GRADY MEMORIAL HOSPITAL,GA,23.583333333333,30.884651504865353
SPRING VALLEY HOSPITAL MEDICAL CENTER,NV,23.583333333333,30.884651504865353
WELLSPAN CHAMBERSBURG HOSPITAL,PA,23.583333333333,30.884651504865353
PRISMA HEALTH BAPTIST EASLEY HOSPITAL,SC,23.583333333333,30.884651504865353
METHODIST RICHARDSON MEDICAL CENTER,TX,23.583333333333,30.884651504865353
SAN JOAQUIN GENERAL HOSPITAL,CA,23.666666666667,30.884651504865353
WASHINGTON HOSPITAL,CA,23.666666666667,30.884651504865353
MANATEE MEMORIAL HOSPITAL,FL,23.666666666667,30.884651504865353
BROOKLYN HOSPITAL CENTER - DOWNTOWN CAMPUS,NY,23.666666666667,30.884651504865353
ESKENAZI HEALTH,IN,23.708333333333,30.884651504865353
NORTH SHORE MEDICAL CENTER,FL,23.75,30.884651504865353
ORLANDO HEALTH SOUTH LAKE HOSPITAL,FL,23.75,30.884651504865353
INSIGHT HOSPITAL AND MEDICAL CENTER CHICAGO,IL,23.75,30.884651504865353
NYACK HOSPITAL,NY,23.75,30.884651504865353
CHI-ST VINCENT INFIRMARY,AR,23.833333333333,30.884651504865353
MEDICAL CENTER OF THE ROCKIES,CO,23.833333333333,30.884651504865353
HCA FLORIDA ORANGE PARK HOSPITAL,FL,23.833333333333,30.884651504865353
ST LUKE'S HOSPITAL - GRAND VIEW CAMPUS,PA,23.833333333333,30.884651504865353
ST DAVID'S SOUTH AUSTIN MEDICAL CENTER,TX,23.833333333333,30.884651504865353
MISSION COMMUNITY HOSPITAL,CA,23.875,30.884651504865353
LAKE HURON MEDICAL CENTER,MI,23.875,30.884651504865353
ST MARY'S GENERAL HOSPITAL,NJ,23.875,30.884651504865353
EUCLID HOSPITAL,OH,23.875,30.884651504865353
FRANCISCAN HEALTH CROWN POINT,IN,23.916666666667,30.884651504865353
MERCY HEALTH-ST RITA'S MEDICAL CENTER,OH,23.916666666667,30.884651504865353
CENTRA HEALTH -  LYNCHBURG GEN HOSPITAL,VA,23.916666666667,30.884651504865353
BRISTOL HOSPITAL,CT,24.0,30.884651504865353
MERCY HEALTH MUSKEGON,MI,24.0,30.884651504865353
"BROOKS-TLC HOSPITAL SYSTEM, INC",NY,24.0,30.884651504865353
BETHESDA NORTH,OH,24.0,30.884651504865353
SAN RAMON REGIONAL MEDICAL CENTER,CA,24.083333333333,30.884651504865353
MERCY HOSPITAL SPRINGFIELD,MO,24.083333333333,30.884651504865353
WOODLAND HEIGHTS MEDICAL CENTER,TX,24.083333333333,30.884651504865353
SHANNON MEDICAL CENTER,TX,24.083333333333,30.884651504865353
MEDICAL CITY LAS COLINAS,TX,24.125,30.884651504865353
"CONWAY REGIONAL MEDICAL CENTER, INC",AR,24.166666666667,30.884651504865353
"BAYHEALTH HOSPITAL, SUSSEX CAMPUS",DE,24.166666666667,30.884651504865353
HCA FLORIDA ST PETERSBURG HOSPITAL,FL,24.166666666667,30.884651504865353
ANDERSON HOSPITAL,IL,24.166666666667,30.884651504865353
CHI HEALTH BERGAN MERCY,NE,24.166666666667,30.884651504865353
ESSENTIA HEALTH,ND,24.166666666667,30.884651504865353
JOHN H STROGER JR HOSPITAL,IL,24.208333333333,30.884651504865353
NATIVIDAD MEDICAL CENTER,CA,24.25,30.884651504865353
MERCY MEDICAL CENTER REDDING,CA,24.25,30.884651504865353
OSF SAINT KATHARINE MEDICAL CENTER,IL,24.25,30.884651504865353
UNIVERSITY MEDICAL CENTER NEW ORLEANS,LA,24.25,30.884651504865353
WEST CALCASIEU CAMERON HOSPITAL,LA,24.25,30.884651504865353
COREWELL HEALTH TRENTON HOSPITAL,MI,24.25,30.884651504865353
VIDANT DUPLIN HOSPITAL,NC,24.25,30.884651504865353
"UNIVERSITY OF CINCINNATI MEDICAL CENTER, LLC",OH,24.25,30.884651504865353
NEWPORT HOSPITAL,RI,24.25,30.884651504865353
BON SECOURS-ST FRANCIS XAVIER HOSPITAL,SC,24.25,30.884651504865353
SWEDISH MEDICAL CENTER,WA,24.25,30.884651504865353
PROVIDENCE ST. JOSEPH HOSPITAL,CA,24.333333333333,30.884651504865353
"BEAUMONT HOSPITAL, TROY",MI,24.333333333333,30.884651504865353
NS/LIJ HS SOUTHSIDE HOSPITAL,NY,24.333333333333,30.884651504865353
CROUSE HOSPITAL,NY,24.333333333333,30.884651504865353
JEFFERSON ABINGTON HOSPITAL,PA,24.333333333333,30.884651504865353
VALLEY MEDICAL CENTER,WA,24.333333333333,30.884651504865353
CAMDEN CLARK MEDICAL CENTER,WV,24.333333333333,30.884651504865353
GOSHEN HOSPITAL,IN,24.375,30.884651504865353
FRANCISCAN HEALTH MUNSTER,IN,24.375,30.884651504865353
BON SECOURS COMMUNITY HOSPITAL,NY,24.375,30.884651504865353
MARION GENERAL HOSPITAL,OH,24.375,30.884651504865353
MCALESTER REGIONAL HEALTH CENTER,OK,24.375,30.884651504865353
CRESTWOOD MEDICAL CENTER,AL,24.416666666667,30.884651504865353
BAPTIST HEALTH MEDICAL CENTER - JACKSONVILLE,FL,24.416666666667,30.884651504865353
ST MARY MEDICAL CENTER INC,IN,24.416666666667,30.884651504865353
VALLEY HOSPITAL,NJ,24.416666666667,30.884651504865353
ATRIUM MEDICAL CENTER,OH,24.416666666667,30.884651504865353
MEDICAL CENTER OF MCKINNEY,TX,24.416666666667,30.884651504865353
LONESOME PINE HOSPITAL,VA,24.444444444444,30.884651504865353
SSM ST JOSEPH HEALTH CENTER,MO,24.458333333333,30.884651504865353
MEDSTAR GEORGETOWN UNIVERSITY HOSPITAL,DC,24.5,30.884651504865353
BAPTIST HEALTH LEXINGTON,KY,24.5,30.884651504865353
NORTHERN LIGHT MERCY HOSPITAL,ME,24.5,30.884651504865353
CONCORD HOSPITAL,NH,24.5,30.884651504865353
WEST PENN HOSPITAL,PA,24.5,30.884651504865353
VANDERBILT TULLAHOMA-HARTON HOSPITAL,TN,24.5,30.884651504865353
UNITED REGIONAL HEALTH CARE SYSTEM,TX,24.5,30.884651504865353
MERCYONE NORTH IOWA MEDICAL CENTER,IA,24.583333333333,30.884651504865353
SOUTH SHORE HOSPITAL,MA,24.583333333333,30.884651504865353
BOLIVAR MEDICAL CENTER,MS,24.583333333333,30.884651504865353
CARSON TAHOE REGIONAL MEDICAL CENTER,NV,24.583333333333,30.884651504865353
NOVANT HEALTH NEW HANOVER REGIONAL MEDICAL CENTER,NC,24.583333333333,30.884651504865353
TERRE HAUTE REGIONAL HOSPITAL,IN,24.625,30.884651504865353
ST LUKES REGIONAL MEDICAL CENTER,IA,24.625,30.884651504865353
GADSDEN REGIONAL MEDICAL CENTER,AL,24.666666666667,30.884651504865353
COVENANT MEDICAL CENTER,MI,24.666666666667,30.884651504865353
ST JOSEPH HOSPITAL,NH,24.666666666667,30.884651504865353
OVERLOOK MEDICAL CENTER,NJ,24.666666666667,30.884651504865353
HONORHEALTH MOUNTAIN VISTA MEDICAL CENTER,AZ,24.75,30.884651504865353
UCSF HEALTH SAINT FRANCIS HOSPITAL,CA,24.75,30.884651504865353
COX MEDICAL CENTERS,MO,24.75,30.884651504865353
ARNOT OGDEN MEDICAL CENTER,NY,24.75,30.884651504865353
SWEDISH MEDICAL CENTER / CHERRY HILL,WA,24.75,30.884651504865353
MERCY MEDICAL CENTER,OH,24.833333333333,30.884651504865353
BEAUFORT COUNTY MEMORIAL HOSPITAL,SC,24.833333333333,30.884651504865353
ADVENTIST HEALTH SIERRA VISTA,CA,24.875,30.884651504865353
FRANCISCAN HEALTH DYER,IN,24.875,30.884651504865353
RENOWN SOUTH MEADOWS MEDICAL CENTER,NV,24.875,30.884651504865353
BANNER - UNIVERSITY MEDICAL CENTER TUCSON CAMPUS,AZ,24.916666666667,30.884651504865353
GROSSMONT HOSPITAL,CA,24.916666666667,30.884651504865353
BAKERSFIELD MEMORIAL HOSPITAL,CA,24.916666666667,30.884651504865353
ELKHART GENERAL HOSPITAL,IN,24.916666666667,30.884651504865353
IU HEALTH WEST HOSPITAL,IN,24.916666666667,30.884651504865353
MARYMOUNT HOSPITAL,OH,24.916666666667,30.884651504865353
JACKSON COUNTY MEMORIAL HOSPITAL AUTHORITY,OK,24.916666666667,30.884651504865353
HCA HOUSTON HEALTHCARE NORTHWEST,TX,24.916666666667,30.884651504865353
QUEENS HOSPITAL CENTER,NY,24.958333333333,30.884651504865353
CORONA REGIONAL MEDICAL CENTER,CA,25.0,30.884651504865353
ST ANTHONYS HOSPITAL,FL,25.0,30.884651504865353
UPMC PINNACLE HOSPITALS,PA,25.0,30.884651504865353
MEDICAL UNIVERSITY HOSPITAL AUTHORITY,SC,25.0,30.884651504865353
UNION HOSPITAL INC,IN,25.083333333333,30.884651504865353
OCHSNER MEDICAL CENTER ACUTE,LA,25.083333333333,30.884651504865353
ENGLEWOOD HOSPITAL AND MEDICAL CENTER,NJ,25.083333333333,30.884651504865353
CHI ST ALEXIUS HEALTH,ND,25.083333333333,30.884651504865353
HILLCREST HOSPITAL SOUTH,OK,25.083333333333,30.884651504865353
FORBES HOSPITAL,PA,25.083333333333,30.884651504865353
MEDICAL COLLEGE OF VIRGINIA HOSPITALS,VA,25.083333333333,30.884651504865353
ADVENTIST HEALTH TWIN CITIES,CA,25.125,30.884651504865353
UMASS MEMORIAL HEALTHALLIANCE HOSPITALS,MA,25.125,30.884651504865353
RIVERSIDE COMMUNITY HOSPITAL,CA,25.166666666667,30.884651504865353
SHARP MEMORIAL HOSPITAL,CA,25.166666666667,30.884651504865353
PIEDMONT NEWTON HOSPITAL,GA,25.166666666667,30.884651504865353
CAPE COD HOSPITAL,MA,25.166666666667,30.884651504865353
CHI HEALTH LAKESIDE,NE,25.166666666667,30.884651504865353
PHYSICIANS REGIONAL MEDICAL CENTER,TN,25.166666666667,30.884651504865353
FORT SANDERS REGIONAL MEDICAL CENTER,TN,25.166666666667,30.884651504865353
HCA HOUSTON HEALTHCARE CLEAR LAKE,TX,25.166666666667,30.884651504865353
GRAYS HARBOR COMMUNITY HOSPITAL,WA,25.166666666667,30.884651504865353
AdventHealth Littleton,CO,25.25,30.884651504865353
UNIVERSITY OF ILLINOIS HOSPITAL AND CLINICS,IL,25.25,30.884651504865353
CHI HEALTH MERCY COUNCIL BLUFFS,IA,25.25,30.884651504865353
BAPTIST HEALTH HARDIN,KY,25.25,30.884651504865353
PAOLI HOSPITAL,PA,25.25,30.884651504865353
WINDHAM COMMUNITY MEMORIAL HOSPITAL,CT,25.333333333333,30.884651504865353
BAPTIST HEALTH LOUISVILLE,KY,25.333333333333,30.884651504865353
ST LUKE'S THE WOODLANDS HOSPITAL,TX,25.333333333333,30.884651504865353
UNIVERSITY OF UTAH HOSPITAL AND CLINICS,UT,25.333333333333,30.884651504865353
PROVIDENCE ALASKA MEDICAL CENTER,AK,25.416666666667,30.884651504865353
DANBURY HOSPITAL,CT,25.416666666667,30.884651504865353
NORTH MEMORIAL HEALTH HOSPITAL,MN,25.416666666667,30.884651504865353
CAREPOINT HEALTH-HOBOKEN UNIVERSITY MEDICAL CENTER,NJ,25.416666666667,30.884651504865353
ATRIUM HEALTH PINEVILLE,NC,25.416666666667,30.884651504865353
HOLY REDEEMER HOSPITAL AND MEDICAL CENTER,PA,25.416666666667,30.884651504865353
HENRICO DOCTORS' HOSPITAL,VA,25.416666666667,30.884651504865353
VERDE VALLEY MEDICAL CENTER,AZ,25.5,30.884651504865353
DAMERON HOSPITAL,CA,25.5,30.884651504865353
BROWARD HEALTH NORTH,FL,25.5,30.884651504865353
CGH MEDICAL CENTER,IL,25.5,30.884651504865353
BARNES JEWISH HOSPITAL,MO,25.5,30.884651504865353
SHORE MEDICAL CENTER,NJ,25.5,30.884651504865353
TEXAS HEALTH HARRIS METHODIST HURST-EULESS-BEDFORD,TX,25.5,30.884651504865353
RUSSELL MEDICAL CENTER,AL,25.583333333333,30.884651504865353
MEMORIAL HOSPITAL MIRAMAR,FL,25.583333333333,30.884651504865353
NORTHEAST HOSPITAL CORPORATION,MA,25.583333333333,30.884651504865353
DOCTORS HOSPTAL AT RENAISSANCE,TX,25.583333333333,30.884651504865353
BON SECOURS MARYVIEW MEDICAL CENTER,VA,25.583333333333,30.884651504865353
FROEDTERT SOUTH INC.,WI,25.583333333333,30.884651504865353
NORWALK HOSPITAL,CT,25.625,30.884651504865353
JAMAICA HOSPITAL MEDICAL CENTER,NY,25.625,30.884651504865353
CENTURA HEALTH-PENROSE ST FRANCIS HEALTH SERVICES,CO,25.666666666667,30.884651504865353
SAINT JOSEPH HOSPITAL,KY,25.666666666667,30.884651504865353
OLEAN GENERAL HOSPITAL,NY,25.666666666667,30.884651504865353
UNIVERSITY HOSPITALS - ELYRIA MEDICAL CENTER,OH,25.666666666667,30.884651504865353
WAYNE MEMORIAL HOSPITAL,PA,25.666666666667,30.884651504865353
MOUNT NITTANY MEDICAL CENTER,PA,25.666666666667,30.884651504865353
TRIDENT MEDICAL CENTER,SC,25.666666666667,30.884651504865353
MAURY REGIONAL HOSPITAL,TN,25.666666666667,30.884651504865353
THE MEDICAL CENTER OF SOUTHEAST TEXAS,TX,25.666666666667,30.884651504865353
SOUTHWEST HEALTHCARE RANCHO SPRINGS HOSPITAL,CA,25.708333333333,30.884651504865353
VALLEYWISE HEALTH MEDICAL CENTER,AZ,25.75,30.884651504865353
KOOTENAI HEALTH,ID,25.75,30.884651504865353
"LAKELAND HOSPITAL, ST JOSEPH",MI,25.75,30.884651504865353
OCH REGIONAL MEDICAL CENTER,MS,25.75,30.884651504865353
STATEN ISLAND UNIVERSITY HOSPITAL,NY,25.75,30.884651504865353
TEXAS HEALTH PRESBYTERIAN HOSPITAL PLANO,TX,25.75,30.884651504865353
NORTH ALABAMA MEDICAL CENTER,AL,25.833333333333,30.884651504865353
HCA FLORIDA AVENTURA HOSPITAL,FL,25.833333333333,30.884651504865353
MERIT HEALTH WESLEY,MS,25.833333333333,30.884651504865353
MEDINA HOSPITAL,OH,25.833333333333,30.884651504865353
PRISMA HEALTH OCONEE MEMORIAL HOSPITAL,SC,25.833333333333,30.884651504865353
PROVIDENCE ST MARY MEDICAL CENTER,WA,25.833333333333,30.884651504865353
UCHICAGO MEDICINE ADVENTHEALTH BOLINGBROOK,IL,25.875,30.884651504865353
CHSLI ST JOSEPH HOSPITAL,NY,25.875,30.884651504865353
PROVIDENCE HOLY CROSS MEDICAL CENTER,CA,25.916666666667,30.884651504865353
TALLAHASSEE MEMORIAL HEALTHCARE,FL,25.916666666667,30.884651504865353
HCA FLORIDA WEST HOSPITAL,FL,25.916666666667,30.884651504865353
WAYNE MEMORIAL HOSPITAL,GA,25.916666666667,30.884651504865353
MEMORIAL HOSPITAL OF SOUTH BEND,IN,25.916666666667,30.884651504865353
ANNA JAQUES HOSPITAL,MA,25.916666666667,30.884651504865353
LAS PALMAS MEDICAL CENTER A CAMPUS OF LPDS HEALTHC,TX,25.916666666667,30.884651504865353
HCA HOUSTON HEALTHCARE KINGWOOD,TX,25.916666666667,30.884651504865353
SCRIPPS MERCY HOSPITAL,CA,26.0,30.884651504865353
CHINESE HOSPITAL,CA,26.0,30.884651504865353
HUNTINGTON HOSPITAL,CA,26.0,30.884651504865353
NORTON-KING'S DAUGHTERS' HEALTH,IN,26.0,30.884651504865353
PRISMA HEALTH GREENVILLE MEMORIAL HOSPITAL,SC,26.0,30.884651504865353
HOLY CROSS HOSPITAL-JORDAN VALLEY,UT,26.0,30.884651504865353
FLAGSTAFF MEDICAL CENTER,AZ,26.083333333333,30.884651504865353
SGMC HEALTH,GA,26.083333333333,30.884651504865353
CHRISTUS ST FRANCES CABRINI HOSPITAL,LA,26.083333333333,30.884651504865353
GEISINGER MEDICAL CENTER,PA,26.083333333333,30.884651504865353
BAPTIST BEAUMONT HOSPITAL,TX,26.083333333333,30.884651504865353
UNIVERSITY OF VIRGINIA MEDICAL CENTER,VA,26.083333333333,30.884651504865353
ST FRANCIS HOSPITAL,DE,26.125,30.884651504865353
LANDMARK MEDICAL CENTER,RI,26.125,30.884651504865353
TRIOS HEALTH,WA,26.125,30.884651504865353
PROVIDENCE ST. JUDE MEDICAL CENTER,CA,26.166666666667,30.884651504865353
THE MEDICAL CENTER OF AURORA & SOUTH HOSPITAL,CO,26.166666666667,30.884651504865353
HCA FLORIDA BLAKE HOSPITAL,FL,26.166666666667,30.884651504865353
DEACONESS HENDERSON HOSPITAL,KY,26.166666666667,30.884651504865353
VIDANT EDGECOMBE HOSPITAL,NC,26.166666666667,30.884651504865353
THOMAS JEFFERSON UNIVERSITY HOSPITAL,PA,26.166666666667,30.884651504865353
MCLEOD LORIS  HOSPITAL,SC,26.166666666667,30.884651504865353
MEDICAL CITY PLANO,TX,26.166666666667,30.884651504865353
VALLEY REGIONAL MEDICAL CENTER,TX,26.166666666667,30.884651504865353
CLINTON MEMORIAL HOSPITAL,OH,26.208333333333,30.884651504865353
SUTTER SOLANO MEDICAL CENTER,CA,26.25,30.884651504865353
UCI HEALTH-ORANGE,CA,26.25,30.884651504865353
UNIVERSITY HOSPITAL AND MEDICAL CENTER,FL,26.25,30.884651504865353
ACADIA GENERAL HOSPITAL,LA,26.25,30.884651504865353
SUMMERLIN HOSPITAL MEDICAL CENTER,NV,26.25,30.884651504865353
PORTSMOUTH REGIONAL HOSPITAL,NH,26.25,30.884651504865353
GOOD SAMARITAN HOSPITAL MEDICAL CENTER,NY,26.25,30.884651504865353
HIGHPOINT HEALTH-SUMNER WITH ASCENSION SAINT THOMA,TN,26.25,30.884651504865353
"UNIVERSITY HEALTH SYSTEM, INC",TN,26.25,30.884651504865353
MEDICAL CITY WEATHERFORD,TX,26.25,30.884651504865353
CHI ST. VINCENT HOSPITAL HOT SPRINGS,AR,26.333333333333,30.884651504865353
REGIONAL MEDICAL CENTER OF SAN JOSE,CA,26.333333333333,30.884651504865353
MIDDLESEX HOSPITAL,CT,26.333333333333,30.884651504865353
CARLE FOUNDATION HOSPITAL,IL,26.333333333333,30.884651504865353
ST VINCENT HOSPITAL,MA,26.333333333333,30.884651504865353
METROPOLITAN HOSPITAL CENTER,NY,26.333333333333,30.884651504865353
TEXAS HEALTH HUGULEY HOSPITAL FORT WORTH SOUTH,TX,26.333333333333,30.884651504865353
CJW MEDICAL CENTER,VA,26.333333333333,30.884651504865353
CARLE HEALTH PEKIN HOSPITAL,IL,26.375,30.884651504865353
ADVENTHEALTH SHAWNEE MISSION,KS,26.416666666667,30.884651504865353
NOVANT HEALTH PRESBYTERIAN MEDICAL CENTER,NC,26.416666666667,30.884651504865353
METHODIST HOSPITAL,TX,26.416666666667,30.884651504865353
ST FRANCIS COMMUNITY HOSPITAL,WA,26.458333333333,30.884651504865353
MONTEREY PARK HOSPITAL,CA,26.5,30.884651504865353
HCA FLORIDA OAK HILL HOSPITAL,FL,26.5,30.884651504865353
SSM HEALTH ST MARY'S HOSPITAL -CENTRALIA,IL,26.5,30.884651504865353
OSF SACRED HEART MEDICAL CENTER,IL,26.5,30.884651504865353
"COMMUNITY HOSPITAL SOUTH, INC.",IN,26.5,30.884651504865353
GOOD SAMARITAN MEDICAL CENTER,MA,26.5,30.884651504865353
CITIZENS MEMORIAL HOSPITAL,MO,26.5,30.884651504865353
CHI HEALTH ST. FRANCIS,NE,26.5,30.884651504865353
MEMORIAL HOSPITAL,OH,26.5,30.884651504865353
HCA FLORIDA SARASOTA DOCTORS HOSPITAL,FL,26.583333333333,30.884651504865353
MERCY MEDICAL CTR,MA,26.583333333333,30.884651504865353
JERSEY SHORE UNIVERSITY MEDICAL CENTER,NJ,26.583333333333,30.884651504865353
MONMOUTH MEDICAL CENTER,NJ,26.583333333333,30.884651504865353
GOOD SAMARITAN HOSPITAL OF SUFFERN,NY,26.583333333333,30.884651504865353
MEMORIAL HERMANN - TEXAS MEDICAL CENTER,TX,26.583333333333,30.884651504865353
"DUNCAN REGIONAL HOSPITAL, INC",OK,26.625,30.884651504865353
ST JOHNS REGIONAL MEDICAL CENTER,CA,26.666666666667,30.884651504865353
LUTHERAN MEDICAL CENTER,CO,26.666666666667,30.884651504865353
GATEWAY REGIONAL MEDICAL CENTER,IL,26.666666666667,30.884651504865353
MEMORIAL MEDICAL CENTER,NM,26.666666666667,30.884651504865353
PERSON MEMORIAL HOSPITAL,NC,26.666666666667,30.884651504865353
KETTERING HEALTH MAIN CAMPUS,OH,26.666666666667,30.884651504865353
MONUMENT HEALTH RAPID CITY HOSPITAL,SD,26.666666666667,30.884651504865353
PROVIDENCE HOLY FAMILY HOSPITAL,WA,26.708333333333,30.884651504865353
RIVERSIDE UNIVERSITY HEALTH SYSTEM-MEDICAL CENTER,CA,26.75,30.884651504865353
RIVERSIDE MEDICAL CENTER,IL,26.75,30.884651504865353
ABBOTT NORTHWESTERN HOSPITAL,MN,26.75,30.884651504865353
RIVERSIDE METHODIST HOSPITAL,OH,26.75,30.884651504865353
MUSC HEALTH FLORENCE MEDICAL CENTER,SC,26.75,30.884651504865353
ST JOSEPH MEDICAL CENTER,TX,26.75,30.884651504865353
JOHN RANDOLPH MEDICAL CENTER,VA,26.75,30.884651504865353
OVERLAKE HOSPITAL MEDICAL CENTER,WA,26.75,30.884651504865353
ST BERNARDS MEDICAL CENTER,AR,26.833333333333,30.884651504865353
ROBERT WOOD JOHNSON UNIVERSITY HOSPITAL - SOMERSET,NJ,26.833333333333,30.884651504865353
MOUNT SINAI SOUTH NASSAU,NY,26.833333333333,30.884651504865353
AdventHealth Carrollwood,FL,26.916666666667,30.884651504865353
HCA FLORIDA MERCY HOSPITAL,FL,26.916666666667,30.884651504865353
EDWARD HOSPITAL,IL,26.916666666667,30.884651504865353
PHELPS HOSPITAL,NY,26.916666666667,30.884651504865353
SUMMA HEALTH SYSTEM,OH,26.916666666667,30.884651504865353
PROVIDENCE ST JOSEPH HOSPITAL,CA,27.0,30.884651504865353
MARIAN REGIONAL MEDICAL CENTER,CA,27.0,30.884651504865353
FOOTHILL REGIONAL MEDICAL CENTER,CA,27.0,30.884651504865353
KING'S DAUGHTERS MEDICAL CENTER-BROOKHAVEN,MS,27.0,30.884651504865353
MONMOUTH MEDICAL CENTER-SOUTHERN CAMPUS,NJ,27.0,30.884651504865353
HUDSON REGIONAL HOSPITAL,NJ,27.0,30.884651504865353
LUTHERAN HOSPITAL,OH,27.0,30.884651504865353
INDEPENDENCE HEALTH SYSTEM BUTLER MEMORIAL HOSPITA,PA,27.0,30.884651504865353
ANMED HEALTH,SC,27.0,30.884651504865353
MEDICAL CITY NORTH HILLS,TX,27.0,30.884651504865353
RARITAN BAY MEDICAL CENTER,NJ,27.041666666667,30.884651504865353
HARLAN ARH HOSPITAL,KY,27.083333333333,30.884651504865353
JERSEY CITY MEDICAL CENTER,NJ,27.083333333333,30.884651504865353
UNIVERSITY HOSPITAL S U N Y HEALTH SCIENCE CENTER,NY,27.083333333333,30.884651504865353
NOVANT HEALTH FORSYTH MEDICAL CENTER,NC,27.083333333333,30.884651504865353
COMANCHE COUNTY MEMORIAL HOSPITAL,OK,27.083333333333,30.884651504865353
EXCELA HEALTH LATROBE HOSPITAL,PA,27.083333333333,30.884651504865353
CARILION NEW RIVER VALLEY MEDICAL CENTER,VA,27.125,30.884651504865353
SIBLEY MEMORIAL HOSPITAL,DC,27.166666666667,30.884651504865353
ST VINCENT HOSPITAL,WI,27.166666666667,30.884651504865353
JOHN DEMPSEY HOSPITAL OF THE UNIVERSITY OF CONNECT,CT,27.208333333333,30.884651504865353
TRISTAR STONECREST MEDICAL CENTER,TN,27.208333333333,30.884651504865353
DECATUR MORGAN HOSPITAL - DECATUR CAMPUS,AL,27.25,30.884651504865353
MORTON PLANT HOSPITAL,FL,27.25,30.884651504865353
HCA FLORIDA MEMORIAL HOSPITAL,FL,27.25,30.884651504865353
ORLANDO HEALTH ST CLOUD HOSPITAL,FL,27.25,30.884651504865353
MERCY HEALTH - LOURDES HOSPITAL,KY,27.25,30.884651504865353
HENNEPIN COUNTY MEDICAL CENTER,MN,27.25,30.884651504865353
PUNXSUTAWNEY AREA HOSPITAL,PA,27.25,30.884651504865353
KAISER FOUNDATION HOSPITAL - WEST LA,CA,27.333333333333,30.884651504865353
MEDSTAR WASHINGTON HOSPITAL CENTER,DC,27.333333333333,30.884651504865353
STORMONT VAIL HOSPITAL,KS,27.333333333333,30.884651504865353
OCHSNER LAFAYETTE GENERAL MEDICAL CENTER,LA,27.333333333333,30.884651504865353
HCA HOUSTON HEALTHCARE TOMBALL,TX,27.333333333333,30.884651504865353
MARY WASHINGTON HOSPITAL,VA,27.333333333333,30.884651504865353
TRINITY - BETTENDORF,IA,27.375,30.884651504865353
THE EAST ALABAMA HEALTHCARE AUTHORITY,AL,27.416666666667,30.884651504865353
WEST ANAHEIM MEDICAL CENTER,CA,27.416666666667,30.884651504865353
SANFORD USD MEDICAL CENTER,SD,27.416666666667,30.884651504865353
CHRISTUS SPOHN HOSPITAL ALICE,TX,27.416666666667,30.884651504865353
HAZARD ARH REGIONAL MEDICAL CENTER,KY,27.458333333333,30.884651504865353
SOUTHERN OCEAN MEDICAL CENTER,NJ,27.458333333333,30.884651504865353
NORTHWEST MEDICAL CENTER-SPRINGDALE,AR,27.5,30.884651504865353
HCA FLORIDA NORTHWEST HOSPITAL,FL,27.5,30.884651504865353
EASTERN IDAHO REGIONAL MEDICAL CENTER,ID,27.5,30.884651504865353
UNIVERSITY OF MISSOURI HEALTH CARE,MO,27.5,30.884651504865353
PROGRESS WEST HOSPITAL,MO,27.5,30.884651504865353
CHI HEALTH IMMANUEL,NE,27.5,30.884651504865353
ROBERT WOOD JOHNSON UNIVERSITY HOSPITAL,NJ,27.5,30.884651504865353
LONG ISLAND JEWISH MEDICAL CENTER,NY,27.5,30.884651504865353
IREDELL MEMORIAL HOSPITAL INC,NC,27.5,30.884651504865353
NORTH CAROLINA BAPTIST HOSPITAL,NC,27.5,30.884651504865353
UH ST JOHN MEDICAL CENTER,OH,27.5,30.884651504865353
SCHUYLKILL MEDICAL CENTER - SOUTH JACKSON STREET,PA,27.5,30.884651504865353
LINCOLN MEDICAL CENTER,TN,27.5,30.884651504865353
METHODIST DALLAS MEDICAL CENTER,TX,27.5,30.884651504865353
FAUQUIER HOSPITAL,VA,27.5,30.884651504865353
RALEIGH GENERAL HOSPITAL,WV,27.5,30.884651504865353
ST JOSEPH'S HOSPITAL,AZ,27.583333333333,30.884651504865353
COMMUNITY HOSPITAL,CO,27.583333333333,30.884651504865353
OWENSBORO HEALTH TWIN LAKES MEDICAL CENTER,KY,27.583333333333,30.884651504865353
ATLANTICARE REGIONAL MEDICAL CENTER - CITY CAMPUS,NJ,27.583333333333,30.884651504865353
SAINT PETER'S UNIVERSITY HOSPITAL,NJ,27.583333333333,30.884651504865353
ST ELIZABETH YOUNGSTOWN HOSPITAL,OH,27.583333333333,30.884651504865353
ST FRANCIS-DOWNTOWN,SC,27.583333333333,30.884651504865353
LOGAN REGIONAL MEDICAL CENTER,WV,27.583333333333,30.884651504865353
"TY COBB REGIONAL MEDICAL CENTER, LLC",GA,27.666666666667,30.884651504865353
HACKENSACK MERIDIAN HEALTH PASCACK VALLEY MEDICAL,NJ,27.666666666667,30.884651504865353
MIAMI VALLEY HOSPITAL,OH,27.666666666667,30.884651504865353
AULTMAN HOSPITAL,OH,27.666666666667,30.884651504865353
UPMC HORIZON,PA,27.666666666667,30.884651504865353
KAISER FOUNDATION HOSPITAL - OAKLAND/RICHMOND,CA,27.708333333333,30.884651504865353
BRONSON BATTLE CREEK HOSPITAL,MI,27.708333333333,30.884651504865353
RIVERVIEW REGIONAL MEDICAL CENTER,AL,27.75,30.884651504865353
MERCY HOSPITAL NORTHWEST ARKANSAS,AR,27.75,30.884651504865353
ADVENTIST HEALTH WHITE MEMORIAL,CA,27.75,30.884651504865353
NORTHWEST COMMUNITY HOSPITAL 1,IL,27.75,30.884651504865353
HANNIBAL REGIONAL HOSPITAL,MO,27.75,30.884651504865353
LEE'S SUMMIT MEDICAL CENTER,MO,27.75,30.884651504865353
SOUTHERN HILLS HOSPITAL AND MEDICAL CENTER,NV,27.75,30.884651504865353
NIAGARA FALLS MEMORIAL MEDICAL CENTER,NY,27.75,30.884651504865353
PUTNAM HOSPITAL CENTER,NY,27.75,30.884651504865353
PRISMA HEALTH HILLCREST HOSPITAL,SC,27.75,30.884651504865353
UNIVERSITY OF KENTUCKY HOSPITAL,KY,27.833333333333,30.884651504865353
BEAUREGARD MEMORIAL HOSPITAL,LA,27.833333333333,30.884651504865353
MAIMONIDES MEDICAL CENTER,NY,27.833333333333,30.884651504865353
UNIONTOWN HOSPITAL,PA,27.833333333333,30.884651504865353
BAYLOR UNIVERSITY MEDICAL CENTER,TX,27.833333333333,30.884651504865353
PENN HIGHLANDS HUNTINGDON,PA,27.875,30.884651504865353
VALLEY VIEW MEDICAL CENTER,AZ,27.916666666667,30.884651504865353
MERCY MEDICAL CENTER,CA,27.916666666667,30.884651504865353
SAINT JOSEPH REGIONAL MEDICAL CENTER,IN,27.916666666667,30.884651504865353
HAYS MEDICAL CENTER,KS,27.916666666667,30.884651504865353
MISSOURI DELTA MEDICAL CENTER,MO,27.916666666667,30.884651504865353
INTERMOUNTAIN HEALTH ST VINCENT REGIONAL HOSPITAL,MT,27.916666666667,30.884651504865353
BRONXCARE HOSPITAL CENTER,NY,27.916666666667,30.884651504865353
BLANCHARD VALLEY HOSPITAL,OH,27.916666666667,30.884651504865353
ALLEGHENY VALLEY HOSPITAL,PA,27.916666666667,30.884651504865353
LOWER BUCKS HOSPITAL,PA,27.916666666667,30.884651504865353
TRISTAR CENTENNIAL MEDICAL CENTER,TN,27.916666666667,30.884651504865353
ADVENTHEALTH NORTH PINELLAS,FL,28.0,30.884651504865353
TRINITY MUSCATINE,IA,28.0,30.884651504865353
DELTA HEALTH SYSTEM - THE MEDICAL CENTER,MS,28.0,30.884651504865353
MOUNT SINAI HOSPITAL,NY,28.0,30.884651504865353
BETSY JOHNSON REGIONAL HOSPITAL,NC,28.0,30.884651504865353
JEFFERSON LANSDALE HOSPITAL,PA,28.0,30.884651504865353
UNIVERSITY OF WASHINGTON MEDICAL CTR,WA,28.0,30.884651504865353
CHI HEALTH ST. ELIZABETH,NE,28.041666666667,30.884651504865353
UNC HEALTH CARE WAYNE,NC,28.041666666667,30.884651504865353
LA PALMA INTERCOMMUNITY HOSPITAL,CA,28.083333333333,30.884651504865353
CRISP REGIONAL HOSPITAL,GA,28.083333333333,30.884651504865353
MERCY HOSPITAL SOUTHEAST,MO,28.083333333333,30.884651504865353
PROVIDENCE MEDFORD MEDICAL CENTER,OR,28.083333333333,30.884651504865353
HCA HOUSTON HEALTHCARE WEST,TX,28.083333333333,30.884651504865353
KAISER FOUNDATION HOSPITAL - SOUTH BAY,CA,28.111111111111,30.884651504865353
PARADISE VALLEY HOSPITAL,CA,28.125,30.884651504865353
ADVENTHEALTH CENTRAL TEXAS,TX,28.125,30.884651504865353
SAN GORGONIO MEMORIAL HOSPITAL,CA,28.166666666667,30.884651504865353
LONGMONT UNITED HOSPITAL,CO,28.166666666667,30.884651504865353
WESTSIDE REGIONAL MEDICAL CENTER,FL,28.166666666667,30.884651504865353
ADVOCATE CHRIST HOSPITAL & MEDICAL CENTER,IL,28.166666666667,30.884651504865353
HENRY FORD MACOMB HOSPITAL,MI,28.166666666667,30.884651504865353
SSM HEALTH ST ANTHONY HOSPITAL - OKLAHOMA CITY,OK,28.166666666667,30.884651504865353
UPMC HANOVER,PA,28.166666666667,30.884651504865353
RIO GRANDE REGIONAL HOSPITAL,TX,28.166666666667,30.884651504865353
UPHS MARQUETTE DLP HOSPITAL,MI,28.25,30.884651504865353
UNIVERSITY OF MICHIGAN HEALTH - WEST,MI,28.25,30.884651504865353
JEFFERSON EINSTEIN MONTGOMERY HOSPITAL,PA,28.25,30.884651504865353
JPS HEALTH NETWORK,TX,28.25,30.884651504865353
VAL VERDE REGIONAL MEDICAL CENTER,TX,28.25,30.884651504865353
ST LUKE'S SUGAR LAND HOSPITAL,TX,28.25,30.884651504865353
ADVENTIST HEALTH ST HELENA,CA,28.333333333333,30.884651504865353
ADVENTHEALTH HEART OF FLORIDA,FL,28.333333333333,30.884651504865353
KOSCIUSKO COMMUNITY HOSPITAL,IN,28.333333333333,30.884651504865353
MERCY REGIONAL MEDICAL CENTER,LA,28.333333333333,30.884651504865353
MERCY HEALTH - WEST HOSPITAL,OH,28.333333333333,30.884651504865353
MURRAY-CALLOWAY COUNTY HOSPITAL,KY,28.375,30.884651504865353
PLAINS REGIONAL MEDICAL CENTER,NM,28.375,30.884651504865353
MCCULLOUGH-HYDE MEMORIAL HOSPITAL,OH,28.375,30.884651504865353
ORLANDO HEALTH-HEALTH CENTRAL HOSPITAL,FL,28.416666666667,30.884651504865353
CARLE BROMENN MEDICAL CENTER,IL,28.416666666667,30.884651504865353
FRANCISCAN HEALTH LAFAYETTE,IN,28.416666666667,30.884651504865353
GRAND ISLAND REGIONAL MEDICAL CENTER,NE,28.416666666667,30.884651504865353
LAKE HEALTH,OH,28.416666666667,30.884651504865353
INTEGRIS CANADIAN VALLEY HOSPITAL,OK,28.416666666667,30.884651504865353
UPMC PASSAVANT,PA,28.416666666667,30.884651504865353
CHRISTUS SPOHN HOSPITAL CORPUS CHRISTI,TX,28.416666666667,30.884651504865353
UNIVERSITY HEALTH SYSTEM,TX,28.416666666667,30.884651504865353
ST JOSEPH HOSPITAL,WA,28.416666666667,30.884651504865353
EMANUEL MEDICAL CENTER,CA,28.458333333333,30.884651504865353
NOVANT HEALTH THOMASVILLE MEDICAL CENTER,NC,28.458333333333,30.884651504865353
LOMA LINDA UNIVERSITY MEDICAL CENTER-MURRIETA,CA,28.5,30.884651504865353
BATON ROUGE GENERAL MEDICAL CENTER,LA,28.5,30.884651504865353
HARRIS REGIONAL HOSPITAL,NC,28.5,30.884651504865353
UPMC CARLISLE,PA,28.5,30.884651504865353
LEHIGH VALLEY HOSPITAL - POCONO,PA,28.5,30.884651504865353
CUMBERLAND MEDICAL CENTER,TN,28.5,30.884651504865353
GUNDERSEN LUTHERAN MEDICAL CENTER,WI,28.5,30.884651504865353
MARSHFIELD MEDICAL CENTER - EAU CLAIRE,WI,28.5,30.884651504865353
HCA HEALTHONE PRESBYTERIAN ST LUKES,CO,28.583333333333,30.884651504865353
ST LUCIE MEDICAL CENTER,FL,28.583333333333,30.884651504865353
GLENS FALLS HOSPITAL,NY,28.583333333333,30.884651504865353
FIRELANDS REGIONAL MEDICAL CENTER,OH,28.583333333333,30.884651504865353
MERCY HOSPITAL,CA,28.625,30.884651504865353
CHANDLER REGIONAL MEDICAL CENTER,AZ,28.666666666667,30.884651504865353
DENVER HEALTH & HOSPITAL AUTHORITY,CO,28.666666666667,30.884651504865353
UCH-MEMORIAL HEALTH SYSTEM,CO,28.666666666667,30.884651504865353
RIVERVIEW MEDICAL CENTER,NJ,28.666666666667,30.884651504865353
OCEAN MEDICAL CENTER,NJ,28.666666666667,30.884651504865353
UNIVERSITY OF ALABAMA HOSPITAL,AL,28.75,30.884651504865353
ADVENTIST HEALTH SIMI VALLEY,CA,28.75,30.884651504865353
BROWARD HEALTH MEDICAL CENTER,FL,28.75,30.884651504865353
OCHSNER AMERICAN LEGION HOSPITAL,LA,28.75,30.884651504865353
LAKE CHARLES MEMORIAL HOSPITAL,LA,28.75,30.884651504865353
STURDY MEMORIAL HOSPITAL,MA,28.75,30.884651504865353
VIRGINIA HOSPITAL CENTER,VA,28.75,30.884651504865353
MOSAIC LIFE CARE AT ST JOSEPH,MO,28.833333333333,30.884651504865353
PARMA COMMUNITY GENERAL HOSPITAL,OH,28.833333333333,30.884651504865353
CHEYENNE REGIONAL MEDICAL CENTER,WY,28.833333333333,30.884651504865353
BAYLOR SCOTT & WHITE MEDICAL CENTER- COLLEGE STATI,TX,28.833333333333,30.884651504865353
KAISER FOUNDATION HOSPITAL - WOODLAND HILLS,CA,28.888888888889,30.884651504865353
NORTHWESTERN MEDICINE CENTRAL DUPAGE HOSPITAL,IL,28.916666666667,30.884651504865353
"MEMORIAL HEALTHCARE SYSTEM, INC",TN,28.916666666667,30.884651504865353
METHODIST HOSPITAL OF SACRAMENTO,CA,28.958333333333,30.884651504865353
HCA FLORIDA FORT WALTON-DESTIN HOSPITAL,FL,29.0,30.884651504865353
SAINT LUKE'S SOUTH HOSPITAL,KS,29.0,30.884651504865353
SPECTRUM HEALTH,MI,29.0,30.884651504865353
SAINT LUKE'S EAST  HOSPITAL,MO,29.0,30.884651504865353
PECONIC BAY MEDICAL CENTER,NY,29.0,30.884651504865353
AKRON GENERAL MEDICAL CENTER,OH,29.0,30.884651504865353
VANDERBILT UNIVERSITY MEDICAL CENTER,TN,29.0,30.884651504865353
AUGUSTA HEALTH,VA,29.0,30.884651504865353
BAPTIST MEDICAL CENTER SOUTH,AL,29.083333333333,30.884651504865353
MOUNT SINAI WEST,NY,29.083333333333,30.884651504865353
METHODIST MANSFIELD MEDICAL CENTER,TX,29.083333333333,30.884651504865353
MARION GENERAL HOSPITAL,IN,29.125,30.884651504865353
TIMPANOGOS REGIONAL HOSPITAL,UT,29.125,30.884651504865353
SHARP CHULA VISTA MEDICAL CENTER,CA,29.166666666667,30.884651504865353
COMMUNITY HOWARD REGIONAL HEALTH INC.,IN,29.166666666667,30.884651504865353
MARY HITCHCOCK MEMORIAL HOSPITAL,NH,29.166666666667,30.884651504865353
NOVANT HEALTH ROWAN MEDICAL CENTER,NC,29.166666666667,30.884651504865353
MILTON S HERSHEY MEDICAL CENTER,PA,29.166666666667,30.884651504865353
RIVERTON HOSPITAL,UT,29.166666666667,30.884651504865353
RESTON HOSPITAL CENTER,VA,29.166666666667,30.884651504865353
KAISER FOUNDATION HOSPITAL - BALDWIN PARK,CA,29.222222222222,30.884651504865353
BANNER IRONWOOD MEDICAL CENTER,AZ,29.25,30.884651504865353
HAMILTON MEDICAL CENTER,GA,29.25,30.884651504865353
ADVOCATE TRINITY HOSPITAL,IL,29.25,30.884651504865353
FREEMAN HEALTH SYSTEM - FREEMAN WEST,MO,29.25,30.884651504865353
ROCHESTER GENERAL HOSPITAL,NY,29.25,30.884651504865353
UPMC NORTHWEST,PA,29.25,30.884651504865353
ADVENTHEALTH LAKE WALES,FL,29.333333333333,30.884651504865353
NORTHSIDE HOSPITAL DULUTH,GA,29.333333333333,30.884651504865353
"LAHEY HOSPITAL & MEDICAL CENTER, BURLINGTON",MA,29.333333333333,30.884651504865353
HOLY CROSS HOSPITAL-DAVIS,UT,29.375,30.884651504865353
ADVENTHEALTH WATERMAN,FL,29.416666666667,30.884651504865353
SALEM HOSPITAL,OR,29.416666666667,30.884651504865353
TENNOVA HEALTHCARE-JEFFERSON MEMORIAL HOSPITAL,TN,29.416666666667,30.884651504865353
TEXAS HEALTH PRESBYTERIAN HOSPITAL ALLEN,TX,29.416666666667,30.884651504865353
DICKINSON COUNTY MEMORIAL HOSPITAL,MI,29.458333333333,30.884651504865353
SONOMA VALLEY HOSPITAL,CA,29.5,30.884651504865353
ST TAMMANY PARISH HOSPITAL,LA,29.5,30.884651504865353
"COOLEY DICKINSON HOSPITAL INC,THE",MA,29.5,30.884651504865353
METHODIST FREMONT HEALTH,NE,29.5,30.884651504865353
INSPIRA MEDICAL CENTER VINELAND,NJ,29.5,30.884651504865353
SOUTH TEXAS HEALTH SYSTEM,TX,29.5,30.884651504865353
CENTURA HEALTH-ST ANTHONY NORTH HEALTH CAMPUS,CO,29.583333333333,30.884651504865353
HCA FLORIDA JFK HOSPITAL,FL,29.583333333333,30.884651504865353
EMORY JOHNS CREEK HOSPITAL,GA,29.583333333333,30.884651504865353
BOSTON MEDICAL CENTER,MA,29.583333333333,30.884651504865353
BETH ISRAEL DEACONESS HOSPITAL PLYMOUTH,MA,29.583333333333,30.884651504865353
THREE CROSSES REGIONAL HOSPITAL LLC,NM,29.583333333333,30.884651504865353
MOUNT ST. MARY'S HOSPITAL & HEALTH CENTER,NY,29.583333333333,30.884651504865353
DOYLESTOWN HOSPITAL,PA,29.583333333333,30.884651504865353
THE MIRIAM HOSPITAL,RI,29.583333333333,30.884651504865353
AVERA SACRED HEART HOSPITAL,SD,29.583333333333,30.884651504865353
"SOUTHSIDE COMMUNITY HOSPITAL, INC",VA,29.583333333333,30.884651504865353
RUTHERFORD REGIONAL MEDICAL CENTER,NC,29.625,30.884651504865353
KNOX COMMUNITY HOSPITAL,OH,29.625,30.884651504865353
TITUS REGIONAL MEDICAL CENTER,TX,29.625,30.884651504865353
COMMUNITY HOSPITAL OF SAN BERNARDINO,CA,29.666666666667,30.884651504865353
ALTA BATES SUMMIT MEDICAL CENTER - ALTA BATES CAMP,CA,29.666666666667,30.884651504865353
PROVIDENCE CEDARS SINAI TARZANA MEDICAL CENTER,CA,29.666666666667,30.884651504865353
HSHS ST ELIZABETH'S HOSPITAL,IL,29.666666666667,30.884651504865353
VALLEY HOSPITAL MEDICAL CENTER,NV,29.666666666667,30.884651504865353
PARDEE HOSPITAL HENDERSON COUNTY,NC,29.666666666667,30.884651504865353
INOVA FAIRFAX HOSPITAL,VA,29.666666666667,30.884651504865353
OSF LITTLE COMPANY OF MARY MEDICAL CENTER,IL,29.708333333333,30.884651504865353
JOHN F KENNEDY MEMORIAL HOSPITAL,CA,29.75,30.884651504865353
PROVIDENCE PORTLAND MEDICAL CENTER,OR,29.75,30.884651504865353
WELLSPAN GOOD SAMARITAN HOSPITAL,PA,29.75,30.884651504865353
VCU HEALTH TAPPAHANNOCK HOSPITAL,VA,29.75,30.884651504865353
ST JAMES HOSPITAL,NY,29.777777777778,30.884651504865353
MORTON PLANT NORTH BAY HOSPITAL,FL,29.791666666667,30.884651504865353
VIERA HOSPITAL,FL,29.833333333333,30.884651504865353
"OUR LADY OF LOURDES REGIONAL MEDICAL CENTER, INC",LA,29.833333333333,30.884651504865353
BAYSTATE FRANKLIN MEDICAL CENTER,MA,29.833333333333,30.884651504865353
MYMICHIGAN MEDICAL CENTER ALPENA,MI,29.875,30.884651504865353
GEISINGER-LEWISTOWN HOSPITAL,PA,29.875,30.884651504865353
LAKELAND COMMUNITY HOSPITAL,AL,29.888888888889,30.884651504865353
ST JOSEPH'S HOSPITAL HEALTH CENTER,NY,29.916666666667,30.884651504865353
SOUTH BROOKLYN HEALTH,NY,29.958333333333,30.884651504865353
Baylor St Lukes Medical Center,TX,29.958333333333,30.884651504865353
VAUGHAN REGIONAL MEDICAL CENTER PARKWAY CAMPUS,AL,30.0,30.884651504865353
ENLOE HEALTH,CA,30.0,30.884651504865353
CASA COLINA HOSPITAL,CA,30.0,30.884651504865353
TANNER MEDICAL CENTER - CARROLLTON,GA,30.0,30.884651504865353
WELLSTAR SPALDING MEDICAL CENTER,GA,30.0,30.884651504865353
TRINITAS REGIONAL MEDICAL CENTER,NJ,30.0,30.884651504865353
MONTEFIORE MEDICAL CENTER,NY,30.0,30.884651504865353
OKLAHOMA STATE UNIVERSITY MEDICAL CENTER,OK,30.0,30.884651504865353
MUSC HEALTH LANCASTER MEDICAL CENTER,SC,30.0,30.884651504865353
BON SECOURS SOUTHERN VIRGINIA MEDICAL CENTER,VA,30.0,30.884651504865353
SAGEWEST HEALTH CARE,WY,30.0,30.884651504865353
THOMAS HOSPITAL,AL,30.083333333333,30.884651504865353
SISTERS OF CHARITY HOSPITAL,NY,30.083333333333,30.884651504865353
ATRIUM HEALTH UNIVERSITY CITY,NC,30.083333333333,30.884651504865353
SPRINGFIELD REGIONAL MEDICAL CENTER,OH,30.083333333333,30.884651504865353
OHIOHEALTH MANSFIELD HOSPITAL,OH,30.083333333333,30.884651504865353
PRISMA HEALTH TUOMEY HOSPITAL,SC,30.083333333333,30.884651504865353
MEMORIAL HERMANN SUGAR LAND HOSPITAL,TX,30.083333333333,30.884651504865353
SWEDISH ISSAQUAH,WA,30.083333333333,30.884651504865353
WAUKESHA MEMORIAL HOSPITAL,WI,30.083333333333,30.884651504865353
ELLIS HOSPITAL,NY,30.166666666667,30.884651504865353
MCKAY-DEE HOSPITAL,UT,30.166666666667,30.884651504865353
"SUTTER MEDICAL CENTER, SACRAMENTO",CA,30.25,30.884651504865353
WATSONVILLE COMMUNITY HOSPITAL,CA,30.25,30.884651504865353
ADVENTIST HEALTH TULARE,CA,30.25,30.884651504865353
HCA FLORIDA CITRUS HOSPITAL,FL,30.25,30.884651504865353
UF HEALTH LEESBURG HOSPITAL,FL,30.25,30.884651504865353
EMORY HOUSTON HOSPITAL WARNER ROBINS,GA,30.25,30.884651504865353
BRONSON METHODIST HOSPITAL,MI,30.25,30.884651504865353
LIBERTY HOSPITAL,MO,30.25,30.884651504865353
GREAT FALLS CLINIC HOSPITAL,MT,30.25,30.884651504865353
NORTHERN NEVADA MEDICAL CENTER,NV,30.25,30.884651504865353
HILLCREST HOSPITAL,OH,30.25,30.884651504865353
UPMC PRESBYTERIAN SHADYSIDE,PA,30.25,30.884651504865353
PARKRIDGE MEDICAL CENTER,TN,30.25,30.884651504865353
FORT DUNCAN MEDICAL CENTER,TX,30.25,30.884651504865353
MEMORIAL HERMANN MEMORIAL CITY HOSPITAL,TX,30.25,30.884651504865353
MEDICAL CITY ALLIANCE,TX,30.25,30.884651504865353
LOS ANGELES GENERAL MEDICAL CENTER,CA,30.291666666667,30.884651504865353
PRATTVILLE BAPTIST HOSPITAL,AL,30.333333333333,30.884651504865353
MIDSTATE MEDICAL CENTER,CT,30.333333333333,30.884651504865353
BAYCARE HOSPITAL WESLEY CHAPEL,FL,30.333333333333,30.884651504865353
HURON VALLEY-SINAI HOSPITAL,MI,30.333333333333,30.884651504865353
BAYLOR SCOTT AND WHITE MEDICAL CENTER LAKE POINTE,TX,30.333333333333,30.884651504865353
PROVIDENCE REGIONAL MEDICAL CENTER EVERETT,WA,30.333333333333,30.884651504865353
UMASS MEMORIAL HEALTH - HARRINGTON HOSPITAL,MA,30.375,30.884651504865353
BANNER ESTRELLA MEDICAL CENTER,AZ,30.416666666667,30.884651504865353
ADVENTIST HEALTH HANFORD,CA,30.416666666667,30.884651504865353
LOMA LINDA UNIVERSITY MEDICAL CENTER,CA,30.416666666667,30.884651504865353
SHANDS JACKSONVILLE,FL,30.416666666667,30.884651504865353
Adventhealth Port Charlotte,FL,30.416666666667,30.884651504865353
BERKSHIRE MEDICAL CENTER,MA,30.416666666667,30.884651504865353
OHIO STATE UNIVERSITY STATE HEALTH SYSTEM,OH,30.416666666667,30.884651504865353
KAISER FOUNDATION HOSPITAL - SAN LEANDRO,CA,30.444444444444,30.884651504865353
SANTA MONICA - UCLA MED CTR & ORTHOPAEDIC HOSPITAL,CA,30.5,30.884651504865353
"COFFEE REGIONAL MEDICAL CENTER, INC",GA,30.5,30.884651504865353
HENRY FORD HEALTH HOSPITAL,MI,30.5,30.884651504865353
SSM HEALTH DEPAUL HOSPITAL ST LOUIS,MO,30.5,30.884651504865353
UPMC WILLIAMSPORT,PA,30.5,30.884651504865353
DEKALB REGIONAL MEDICAL CENTER,AL,30.583333333333,30.884651504865353
BANNER - UNIVERSITY MEDICAL CENTER PHOENIX,AZ,30.583333333333,30.884651504865353
MEMORIALCARE SADDLEBACK MEDICAL CENTER,CA,30.583333333333,30.884651504865353
HCA FLORIDA OSCEOLA HOSPITAL,FL,30.583333333333,30.884651504865353
MANCHESTER MEMORIAL HOSPITAL,CT,30.625,30.884651504865353
GUADALUPE REGIONAL MEDICAL CENTER,TX,30.625,30.884651504865353
JOHNSON REGIONAL MEDICAL CENTER,AR,30.666666666667,30.884651504865353
MERCY GENERAL HOSPITAL,CA,30.666666666667,30.884651504865353
BAPTIST MEDICAL CENTER  BEACHES,FL,30.666666666667,30.884651504865353
LEGACY GOOD SAMARITAN MEDICAL CENTER,OR,30.666666666667,30.884651504865353
RIDDLE MEMORIAL HOSPITAL,PA,30.666666666667,30.884651504865353
ST MARY MEDICAL CENTER,CA,30.75,30.884651504865353
WHITTIER HOSPITAL MEDICAL CENTER,CA,30.75,30.884651504865353
DAVIESS COMMUNITY HOSPITAL,IN,30.75,30.884651504865353
AdventHealthManchester,KY,30.75,30.884651504865353
MYMICHIGAN MEDICAL CENTER MIDLAND,MI,30.75,30.884651504865353
CANTON-POTSDAM HOSPITAL,NY,30.75,30.884651504865353
INTEGRIS GROVE HOSPITAL,OK,30.75,30.884651504865353
SAINT VINCENT HOSPITAL,PA,30.75,30.884651504865353
EXCELA HEALTH WESTMORELAND REGIONAL HOSPITAL,PA,30.75,30.884651504865353
LEXINGTON MEDICAL CENTER,SC,30.75,30.884651504865353
DIGNITY HEALTH ARIZONA GENERAL HOSPITAL,AZ,30.833333333333,30.884651504865353
UCHICAGO MEDICINE ADVENTHEALTH HINSDALE,IL,30.833333333333,30.884651504865353
ADVOCATE GOOD SAMARITAN HOSPITAL,IL,30.833333333333,30.884651504865353
CHRISTUS SHREVEPORT-BOSSIER HEALTH SYSTEM,LA,30.833333333333,30.884651504865353
NEWTON MEDICAL CENTER,NJ,30.833333333333,30.884651504865353
OSF SAINT ANTHONY'S HEALTH CENTER,IL,30.875,30.884651504865353
AUBURN  COMMUNITY  HOSPITAL,NY,30.875,30.884651504865353
PALESTINE REGIONAL MEDICAL CENTER,TX,30.875,30.884651504865353
